"","drug_concept_id","drug","ingredient_concept_id","ingredient","n_records","n_sample","n_person","n_non_negative_days","n_negative_days","proportion_negative_days","minimum_drug_exposure_days","q05_drug_exposure_days","q10_drug_exposure_days","q25_drug_exposure_days","median_drug_exposure_days","q75_drug_exposure_days","q90_drug_exposure_days","q95_drug_exposure_days","maximum_drug_exposure_days","result_obscured","cdm_name"
"1",19006595,"lymecycline 408 MG Oral Capsule",19092353,"lymecycline",5867,10000,1169,5867,0,0,7,28,28,28,56,56,56,84,84,FALSE,"GOLD_100k"
"2",21123581,"Lymecycline 408 MG Oral Capsule [Tetralysal] by Galderma",19092353,"lymecycline",393,10000,58,393,0,0,28,28,28,28,28,56,56,56,90,FALSE,"GOLD_100k"
"3",19061668,"hydrocortisone 0.01 MG/MG / oxytetracycline 0.03 MG/MG Topical Ointment",925952,"oxytetracycline",NA,NA,NA,NA,NA,NA,NA,NA,NA,NA,NA,NA,NA,NA,NA,TRUE,"GOLD_100k"
"4",19079186,"oxytetracycline 250 MG Oral Tablet",925952,"oxytetracycline",2663,10000,584,2663,0,0,5,5,7,28,28,42,56,56,112,FALSE,"GOLD_100k"
"5",21169879,"Hydrocortisone 0.01 MG/MG / Oxytetracycline 0.03 MG/MG Topical Ointment [Terra-Cortril] by Intrapharm",925952,"oxytetracycline",23,10000,17,23,0,0,15,15,15,15,56,56,56,56,56,FALSE,"GOLD_100k"
"6",36406497,"Clobetasone / Nystatin / Oxytetracycline Topical Cream",925952,"oxytetracycline",11,10000,10,11,0,0,10,10,10,10,10,14,14,14,14,FALSE,"GOLD_100k"
"7",40741420,"Clobetasone 0.0005 MG/MG / Nystatin 100 UNT/MG / Oxytetracycline 0.03 MG/MG Topical Cream [Trimovate] by Ennogen",925952,"oxytetracycline",1924,10000,966,1924,0,0,7,15,15,15,28,28,28,28,56,FALSE,"GOLD_100k"
"8",40741422,"Clobetasone 0.0005 MG/MG / Nystatin 100 UNT/MG / Oxytetracycline 0.03 MG/MG Topical Cream",925952,"oxytetracycline",17,10000,16,17,0,0,10,10,13,15,15,15,15,16,20,FALSE,"GOLD_100k"
"9",1708903,"minocycline 100 MG Oral Capsule",1708880,"minocycline",68,10000,11,68,0,0,28,28,28,28,56,56,56,84,84,FALSE,"GOLD_100k"
"10",1708904,"minocycline 50 MG Oral Capsule",1708880,"minocycline",8,10000,5,8,0,0,28,28,28,28,28,56,66.2,78.1,90,FALSE,"GOLD_100k"
"11",19006598,"minocycline 100 MG Extended Release Oral Capsule",1708880,"minocycline",187,10000,32,187,0,0,7,7,7,28,56,56,56,56,84,FALSE,"GOLD_100k"
"12",19035325,"minocycline 50 MG Oral Tablet",1708880,"minocycline",61,10000,5,61,0,0,28,28,28,28,28,56,56,56,84,FALSE,"GOLD_100k"
"13",19035327,"minocycline 100 MG Oral Tablet",1708880,"minocycline",13,10000,10,13,0,0,7,19.6,28,28,28,28,56,67.2,84,FALSE,"GOLD_100k"
"14",21042223,"Minocycline 100 MG Oral Capsule [Aknemin] by Almirall",1708880,"minocycline",NA,NA,NA,NA,NA,NA,NA,NA,NA,NA,NA,NA,NA,NA,NA,TRUE,"GOLD_100k"
"15",36062221,"minocycline 100 MG Extended Release Oral Capsule [Minocin MR] by Mylan",1708880,"minocycline",37,10000,13,37,0,0,28,39.2,56,56,56,56,95.2,112,112,FALSE,"GOLD_100k"
"16",1747204,"erythromycin 25 MG/ML Oral Suspension",1746940,"erythromycin",740,10000,479,740,0,0,5,5,5,5,5,7,7,7,30,FALSE,"GOLD_100k"
"17",1747294,"erythromycin 100 MG/ML Oral Suspension",1746940,"erythromycin",42,10000,22,42,0,0,3,5,5,5,5,7,13.3,14,42,FALSE,"GOLD_100k"
"18",1747355,"erythromycin estolate 50 MG/ML Oral Suspension",1746940,"erythromycin",927,10000,537,927,0,0,5,5,5,5,5,7,10,10,30,FALSE,"GOLD_100k"
"19",1747396,"erythromycin stearate 250 MG Oral Tablet",1746940,"erythromycin",72,10000,43,72,0,0,5,5,5,5,5,7,7,28,42,FALSE,"GOLD_100k"
"20",1747454,"erythromycin stearate 250 MG Delayed Release Oral Tablet",1746940,"erythromycin",4290,10000,2073,4290,0,0,3,5,5,7,7,7,7,28,168,FALSE,"GOLD_100k"
"21",19008692,"erythromycin 40 MG/ML / zinc acetate 12 MG/ML Topical Solution",1746940,"erythromycin",495,10000,171,495,0,0,28,28,28,28,28,28,28,28,30,FALSE,"GOLD_100k"
"22",19076957,"erythromycin 250 MG Delayed Release Oral Capsule",1746940,"erythromycin",207,10000,142,207,0,0,2,5,7,7,7,7,40.4000000000001,56,84,FALSE,"GOLD_100k"
"23",19082703,"erythromycin 20 MG/ML Topical Solution",1746940,"erythromycin",38,10000,23,38,0,0,2,28,28,28,28,28,28,28,56,FALSE,"GOLD_100k"
"24",19101783,"erythromycin 40 MG/ML / tretinoin 0.25 MG/ML Topical Solution",1746940,"erythromycin",12,10000,10,12,0,0,13,13,13,13,13,25,25,25,25,FALSE,"GOLD_100k"
"25",19125430,"erythromycin stearate 500 MG Oral Tablet",1746940,"erythromycin",315,10000,221,315,0,0,5,5,5,7,7,7,28,28,100,FALSE,"GOLD_100k"
"26",21022613,"Erythromycin 40 MG/ML / Tretinoin 0.25 MG/ML Topical Solution [Aknemycin] by Almirall",1746940,"erythromycin",15,10000,9,15,0,0,3,3,3,3,14,19.5,84,84,84,FALSE,"GOLD_100k"
"27",21032338,"Erythromycin 500 MG Oral Tablet [Erythrolar] by Ennogen",1746940,"erythromycin",NA,NA,NA,NA,NA,NA,NA,NA,NA,NA,NA,NA,NA,NA,NA,TRUE,"GOLD_100k"
"28",21052046,"Erythromycin 500 MG Oral Tablet [Erythrocin] by AMCo",1746940,"erythromycin",11,10000,11,11,0,0,7,7,7,7,7,7,7,7,7,FALSE,"GOLD_100k"
"29",21061866,"Erythromycin 0.02 MG/MG / Isotretinoin 0.0005 MG/MG Vaginal Gel",1746940,"erythromycin",24,10000,15,24,0,0,28,28,28,28,28,28,28,51.7999999999999,60,FALSE,"GOLD_100k"
"30",21071769,"Erythromycin 250 MG Oral Tablet [Erythrocin] by AMCo",1746940,"erythromycin",13,10000,12,13,0,0,7,7,7,7,7,7,7,7,7,FALSE,"GOLD_100k"
"31",21101106,"Erythromycin 500 MG Oral Tablet [Erythroped A] by AMCo",1746940,"erythromycin",6,10000,6,6,0,0,5,5.5,6,7,7,7,7,7,7,FALSE,"GOLD_100k"
"32",21150206,"Erythromycin 250 MG Oral Tablet [Erythrolar] by Ennogen",1746940,"erythromycin",NA,NA,NA,NA,NA,NA,NA,NA,NA,NA,NA,NA,NA,NA,NA,TRUE,"GOLD_100k"
"33",21160132,"Erythromycin 20 MG/ML Topical Solution [Stiemycin] by Stiefel",1746940,"erythromycin",11,10000,8,11,0,0,28,28,28,28,28,28,28,28,28,FALSE,"GOLD_100k"
"34",21160136,"Erythromycin 250 MG Delayed Release Oral Capsule [Erymax] by TEVA",1746940,"erythromycin",5,10000,5,5,0,0,7,7,7,7,7,7,7,7,7,FALSE,"GOLD_100k"
"35",36119169,"erythromycin 40 MG/ML / zinc acetate 12 MG/ML Topical Solution [Zineryt] by Neon Healthcare",1746940,"erythromycin",1565,10000,443,1565,0,0,15,28,28,28,28,30,30,30,90,FALSE,"GOLD_100k"
"36",40726397,"Erythromycin 50 MG/ML Oral Suspension [Erythroped] by AMCo",1746940,"erythromycin",10,10000,8,10,0,0,5,5,5,5.5,7,7,7,7,7,FALSE,"GOLD_100k"
"37",40726400,"Erythromycin 25 MG/ML Oral Suspension [Erythroped] by AMCo",1746940,"erythromycin",9,10000,6,9,0,0,5,5,5,7,7,7,7,7,7,FALSE,"GOLD_100k"
"38",40754297,"Erythromycin 0.02 MG/MG / Isotretinoin 0.0005 MG/MG Topical Gel [Isotrexin] by Stiefel",1746940,"erythromycin",37,10000,17,37,0,0,28,28,28,28,30,30,56,56,56,FALSE,"GOLD_100k"
"39",1750501,"clarithromycin 250 MG Oral Tablet",1750500,"clarithromycin",1908,10000,1223,1908,0,0,3,5,7,7,7,7,14,28,84,FALSE,"GOLD_100k"
"40",1750562,"clarithromycin 500 MG Oral Tablet",1750500,"clarithromycin",6800,10000,3739,6800,0,0,1,5,7,7,7,7,7,7,84,FALSE,"GOLD_100k"
"41",1750569,"clarithromycin 500 MG Extended Release Oral Tablet",1750500,"clarithromycin",83,10000,44,83,0,0,5,7,7,7,7,7,7,7,7,FALSE,"GOLD_100k"
"42",19058072,"clarithromycin 25 MG/ML Oral Suspension",1750500,"clarithromycin",684,10000,451,684,0,0,1,5,5,5,7,7,7,10,28,FALSE,"GOLD_100k"
"43",19075422,"clarithromycin 50 MG/ML Oral Suspension",1750500,"clarithromycin",509,10000,303,509,0,0,1,5,7,7,7,7,7,10,14,FALSE,"GOLD_100k"
"44",35886405,"clarithromycin 500 MG Extended Release Oral Tablet [Klaricid] by Mylan",1750500,"clarithromycin",NA,NA,NA,NA,NA,NA,NA,NA,NA,NA,NA,NA,NA,NA,NA,TRUE,"GOLD_100k"
"45",40743412,"Clarithromycin 250 MG Oral Granules",1750500,"clarithromycin",9,10000,8,9,0,0,7,7,7,28,28,28,28,28,28,FALSE,"GOLD_100k"
"46",40744031,"Clarithromycin 250 MG Oral Granules [Klaricid] by Mylan",1750500,"clarithromycin",NA,NA,NA,NA,NA,NA,NA,NA,NA,NA,NA,NA,NA,NA,NA,TRUE,"GOLD_100k"
"47",1734107,"azithromycin 250 MG Oral Capsule",1734104,"azithromycin",797,10000,174,797,0,0,1,1,1,1,3,28,51.5999999999988,84,94,FALSE,"GOLD_100k"
"48",1734108,"azithromycin 40 MG/ML Oral Suspension",1734104,"azithromycin",621,10000,80,621,0,0,1,3,3,6,12,28,28,28,140,FALSE,"GOLD_100k"
"49",1734134,"azithromycin 500 MG Oral Tablet",1734104,"azithromycin",933,10000,206,933,0,0,1,1,1,3,28,56,56,66,336,FALSE,"GOLD_100k"
"50",19073777,"azithromycin 250 MG Oral Tablet",1734104,"azithromycin",1408,10000,156,1408,0,0,1,1,7,28,28,28,56,56,168,FALSE,"GOLD_100k"
"51",21074770,"Azithromycin 250 MG Oral Capsule [Zithromax] by Pfizer",1734104,"azithromycin",28,10000,10,28,0,0,1,1,2.4,3,7,7,13.3,28,28,FALSE,"GOLD_100k"
"52",21094196,"Azithromycin 40 MG/ML Oral Suspension [Zithromax] by Pfizer",1734104,"azithromycin",37,10000,5,37,0,0,3,3,3,3,3,3,16.6,37,37,FALSE,"GOLD_100k"
"53",21163119,"Azithromycin 250 MG Oral Tablet by TEVA",1734104,"azithromycin",NA,NA,NA,NA,NA,NA,NA,NA,NA,NA,NA,NA,NA,NA,NA,TRUE,"GOLD_100k"
"54",36896651,"250 MG Azithromycin 0.015 MG/MG Ophthalmic Solution",1734104,"azithromycin",13,10000,6,13,0,0,3,3,3,3,3,3,23,52.7999999999999,90,FALSE,"GOLD_100k"
"55",43615617,"250 MG Azithromycin 0.015 MG/MG Ophthalmic Solution [Azyter] by Thea",1734104,"azithromycin",NA,NA,NA,NA,NA,NA,NA,NA,NA,NA,NA,NA,NA,NA,NA,TRUE,"GOLD_100k"
"56",19019415,"ofloxacin 200 MG Oral Tablet",923081,"ofloxacin",140,10000,107,140,0,0,5,7,10,14,14,14,28,28,56,FALSE,"GOLD_100k"
"57",19019417,"ofloxacin 400 MG Oral Tablet",923081,"ofloxacin",136,10000,108,136,0,0,5,6,7,10,14,14,20,30,56,FALSE,"GOLD_100k"
"58",19079151,"ofloxacin 3 MG/ML Ophthalmic Solution",923081,"ofloxacin",72,10000,60,72,0,0,2,3,3,7,28,28,28,28,28,FALSE,"GOLD_100k"
"59",21084501,"Ofloxacin 400 MG Oral Tablet [Tarivid] by Sanofi",923081,"ofloxacin",NA,NA,NA,NA,NA,NA,NA,NA,NA,NA,NA,NA,NA,NA,NA,TRUE,"GOLD_100k"
"60",21084506,"Ofloxacin 3 MG/ML Ophthalmic Solution [Exocin] by Allergan",923081,"ofloxacin",13,10000,10,13,0,0,2,2,2,2,2,2,7,7,7,FALSE,"GOLD_100k"
"61",21094224,"Ofloxacin 200 MG Oral Tablet [Tarivid] by Sanofi",923081,"ofloxacin",NA,NA,NA,NA,NA,NA,NA,NA,NA,NA,NA,NA,NA,NA,NA,TRUE,"GOLD_100k"
"62",1797515,"ciprofloxacin 250 MG Oral Tablet",1797513,"ciprofloxacin",951,10000,457,951,0,0,2,5,5,5,5,7,28,60,60,FALSE,"GOLD_100k"
"63",1797516,"ciprofloxacin 750 MG Oral Tablet",1797513,"ciprofloxacin",70,10000,33,70,0,0,5,5,7,7,10,14,14,17.85,28,FALSE,"GOLD_100k"
"64",19021637,"ciprofloxacin 100 MG Oral Tablet",1797513,"ciprofloxacin",14,10000,13,14,0,0,3,3,3,3,3,5,7,7,7,FALSE,"GOLD_100k"
"65",19075377,"ciprofloxacin 0.003 MG/MG Ophthalmic Ointment",1797513,"ciprofloxacin",11,10000,8,11,0,0,5,5,5,7,7,7,7,7,7,FALSE,"GOLD_100k"
"66",19075378,"ciprofloxacin 3 MG/ML Ophthalmic Solution",1797513,"ciprofloxacin",321,10000,197,321,0,0,1,1,2,7,7,7,7,7,14,FALSE,"GOLD_100k"
"67",19075379,"ciprofloxacin 50 MG/ML Oral Suspension",1797513,"ciprofloxacin",93,10000,39,93,0,0,5,5,5,5,7,7,9.39999999999999,10,28,FALSE,"GOLD_100k"
"68",19075380,"ciprofloxacin 500 MG Oral Tablet",1797513,"ciprofloxacin",2451,10000,1355,2451,0,0,1,5,5,5,5,7,14,28,42,FALSE,"GOLD_100k"
"69",21062121,"Ciprofloxacin 500 MG Oral Tablet [Ciproxin] by Bayer",1797513,"ciprofloxacin",15,10000,12,15,0,0,5,5,5,6,7,8.5,12.4,14,14,FALSE,"GOLD_100k"
"70",21111217,"Ciprofloxacin 50 MG/ML Oral Suspension [Ciproxin] by Bayer",1797513,"ciprofloxacin",5,10000,5,5,0,0,5,5,5,5,5,5,6.2,6.6,7,FALSE,"GOLD_100k"
"71",21120876,"Ciprofloxacin 3 MG/ML Otic Solution",1797513,"ciprofloxacin",NA,NA,NA,NA,NA,NA,NA,NA,NA,NA,NA,NA,NA,NA,NA,TRUE,"GOLD_100k"
"72",21140601,"Ciprofloxacin 250 MG Oral Tablet [Ciproxin] by Bayer",1797513,"ciprofloxacin",8,10000,7,8,0,0,5,5,5,5,10.5,14,26.6,41.3,56,FALSE,"GOLD_100k"
"73",36063774,"ciprofloxacin 3 MG/ML / dexamethasone 1 MG/ML Otic Solution [Cilodex] by Consilient",1797513,"ciprofloxacin",20,10000,15,20,0,0,7,7,7,7,7,7,7,7,7,FALSE,"GOLD_100k"
"74",36808530,"0.25 ML Ciprofloxacin 3 MG/ML / fluocinolone 0.25 MG/ML Otic Solution",1797513,"ciprofloxacin",NA,NA,NA,NA,NA,NA,NA,NA,NA,NA,NA,NA,NA,NA,NA,TRUE,"GOLD_100k"
"75",36808533,"0.25 ML Ciprofloxacin 3 MG/ML / fluocinolone 0.25 MG/ML Otic Solution [CETRAXAL PLUS] by Aspire",1797513,"ciprofloxacin",NA,NA,NA,NA,NA,NA,NA,NA,NA,NA,NA,NA,NA,NA,NA,TRUE,"GOLD_100k"
"76",40719628,"0.25 ML Ciprofloxacin 2 MG/ML Otic Solution [Cetraxal] by Aspire",1797513,"ciprofloxacin",6,10000,5,6,0,0,5,5.75,6.5,8,8,8,8,8,8,FALSE,"GOLD_100k"
"77",40719630,"0.25 ML Ciprofloxacin 2 MG/ML Otic Solution",1797513,"ciprofloxacin",47,10000,33,47,0,0,7,7,8,8,8,8,8,8,8,FALSE,"GOLD_100k"
"78",40737701,"Ciprofloxacin 3 MG/ML Ophthalmic Solution [Ciloxan] by Novartis",1797513,"ciprofloxacin",29,10000,23,29,0,0,1,1,1,1,1,5,7,7,7,FALSE,"GOLD_100k"
"79",42479124,"Ciprofloxacin 3 MG/ML / Dexamethasone 1 MG/ML Otic Solution",1797513,"ciprofloxacin",109,10000,80,109,0,0,1,1,1,1,1,1,2,3,7,FALSE,"GOLD_100k"
"80",36057597,"fosfomycin 3000 MG Oral Granules [Monuril] by Profile",956653,"fosfomycin",10,10000,5,10,0,0,1,1,1,1,1,1,1,1,1,FALSE,"GOLD_100k"
"81",43151267,"Fosfomycin 3000 MG Granules for Oral Solution",956653,"fosfomycin",412,10000,186,412,0,0,1,1,1,1,1,1,1,1,3,FALSE,"GOLD_100k"
"82",1763256,"rifampin 20 MG/ML Oral Suspension",1763204,"rifampin",NA,NA,NA,NA,NA,NA,NA,NA,NA,NA,NA,NA,NA,NA,NA,TRUE,"GOLD_100k"
"83",1782544,"isoniazid 150 MG / rifampin 300 MG Oral Tablet",1763204,"rifampin",NA,NA,NA,NA,NA,NA,NA,NA,NA,NA,NA,NA,NA,NA,NA,TRUE,"GOLD_100k"
"84",19019700,"rifampin 150 MG Oral Capsule",1763204,"rifampin",15,10000,9,15,0,0,6,6,6,10.5,28,42,56,56,56,FALSE,"GOLD_100k"
"85",19019811,"rifampin 300 MG Oral Capsule",1763204,"rifampin",144,10000,31,144,0,0,2,2,2,14,28,30,38.4000000000002,56,84,FALSE,"GOLD_100k"
"86",21073515,"isoniazid 150 MG / Rifampin 300 MG Oral Tablet [Rifinah] by Sanofi",1763204,"rifampin",9,10000,5,9,0,0,14,14,14,28,28,56,84,84,84,FALSE,"GOLD_100k"
"87",44076024,"isoniazid 50 MG / Pyrazinamide 300 MG / Rifampin 120 MG Oral Tablet [Rifater] by Sanofi",1763204,"rifampin",NA,NA,NA,NA,NA,NA,NA,NA,NA,NA,NA,NA,NA,NA,NA,TRUE,"GOLD_100k"
