"database_id","drug_concept_id","drug","ingredient_concept_id","ingredient","n_records","n_patients","domain_id","vocabulary_id","concept_class_id","standard_concept","concept_code","valid_start_date","valid_end_date","invalid_reason","amount_value","amount_unit_concept_id","numerator_value","numerator_unit_concept_id","numerator_unit","denominator_value","denominator_unit_concept_id","denominator_unit","box_size","amount_unit","dose_form","result_obscured"
"Eunomia",19073777,"azithromycin 250 MG Oral Tablet",1734104,"azithromycin",NA,NA,"Drug","RxNorm","Clinical Drug","S","308460","1970-01-01","2099-12-31",NA,250,8576,NA,NA,NA,NA,NA,NA,NA,"milligram","Oral Tablet",TRUE
"Eunomia",46275444,"piperacillin 4000 MG / tazobactam 500 MG Injection",1746114,"piperacillin",136,19,"Drug","RxNorm","Clinical Drug","S","1659149","16686","47481",NA,4000,8576,NA,NA,NA,NA,NA,NA,NA,"milligram","Injection",FALSE
"Eunomia",46275444,"piperacillin 4000 MG / tazobactam 500 MG Injection",1741122,"tazobactam",136,19,"Drug","RxNorm","Clinical Drug","S","1659149","16686","47481",NA,500,8576,NA,NA,NA,NA,NA,NA,NA,"milligram","Injection",FALSE
"Eunomia",40221355,"vancomycin 1000 MG Injection",1707687,"vancomycin",136,19,"Drug","RxNorm","Clinical Drug","S","1807513","17077","47481",NA,1000,8576,NA,NA,NA,NA,NA,NA,NA,"milligram","Injection",FALSE
