"database_id","drug_concept_id","drug","ingredient_concept_id","ingredient","n_records","n_sample","n_person","minimum_drug_exposure_quantity","q05_drug_exposure_quantity","q10_drug_exposure_quantity","q25_drug_exposure_quantity","median_drug_exposure_quantity","q75_drug_exposure_quantity","q90_drug_exposure_quantity","q95_drug_exposure_quantity","maximum_drug_exposure_quantity","result_obscured"
"Eunomia",19073777,"azithromycin 250 MG Oral Tablet",1734104,"azithromycin",NA,NA,NA,NA,NA,NA,NA,NA,NA,NA,NA,NA,TRUE
"Eunomia",46275444,"piperacillin 4000 MG / tazobactam 500 MG Injection",1746114,"piperacillin",136,10000,19,0,0,0,0,0,0,0,0,0,FALSE
"Eunomia",46275444,"piperacillin 4000 MG / tazobactam 500 MG Injection",1741122,"tazobactam",136,10000,19,0,0,0,0,0,0,0,0,0,FALSE
"Eunomia",40221355,"vancomycin 1000 MG Injection",1707687,"vancomycin",136,10000,19,0,0,0,0,0,0,0,0,0,FALSE
