"database_id","ingredient_concept_id","ingredient","drug_concept_id","drug","drug_source_concept_id","drug_source","drug_source_value","n_records","n_sample","n_person","proportion_records","result_obscured"
"Eunomia",1734104,"azithromycin",19073777,"azithromycin 250 MG Oral Tablet",NA,NA,NA,NA,NA,NA,NA,TRUE
"Eunomia",1746114,"piperacillin",46275444,"piperacillin 4000 MG / tazobactam 500 MG Injection",46275444,"piperacillin 4000 MG / tazobactam 500 MG Injection","1659149",136,10000,19,1,FALSE
"Eunomia",1741122,"tazobactam",46275444,"piperacillin 4000 MG / tazobactam 500 MG Injection",46275444,"piperacillin 4000 MG / tazobactam 500 MG Injection","1659149",136,10000,19,1,FALSE
"Eunomia",1707687,"vancomycin",40221355,"vancomycin 1000 MG Injection",40221355,"vancomycin 1000 MG Injection","1807513",136,10000,19,1,FALSE
