"database_id","result_id","cdm_name","group_name","group_level","strata_name","strata_level","variable_name","variable_level","estimate_name","estimate_type","estimate_value","additional_name","additional_level","pattern_name","ingredient","ingredient_concept_id"
"Eunomia",1,"Eunomia","ingredient_name","azithromycin","overall","overall","number records",NA,"count","integer","10","overall","overall","overall","azithromycin",1734104
"Eunomia",1,"Eunomia","ingredient_name","azithromycin","overall","overall","Missing dose",NA,"count_missing","integer","10","overall","overall","overall","azithromycin",1734104
"Eunomia",1,"Eunomia","ingredient_name","azithromycin","overall","overall","Missing dose",NA,"percentage_missing","percentage","100","overall","overall","overall","azithromycin",1734104
"Eunomia",1,"Eunomia","ingredient_name","azithromycin","overall","overall","daily_dose",NA,"mean","numeric",NA,"overall","overall","overall","azithromycin",1734104
"Eunomia",1,"Eunomia","ingredient_name","azithromycin","overall","overall","daily_dose",NA,"sd","numeric",NA,"overall","overall","overall","azithromycin",1734104
"Eunomia",1,"Eunomia","ingredient_name","azithromycin","overall","overall","daily_dose",NA,"q05","numeric",NA,"overall","overall","overall","azithromycin",1734104
"Eunomia",1,"Eunomia","ingredient_name","azithromycin","overall","overall","daily_dose",NA,"q25","numeric",NA,"overall","overall","overall","azithromycin",1734104
"Eunomia",1,"Eunomia","ingredient_name","azithromycin","overall","overall","daily_dose",NA,"median","numeric",NA,"overall","overall","overall","azithromycin",1734104
"Eunomia",1,"Eunomia","ingredient_name","azithromycin","overall","overall","daily_dose",NA,"q75","numeric",NA,"overall","overall","overall","azithromycin",1734104
"Eunomia",1,"Eunomia","ingredient_name","azithromycin","overall","overall","daily_dose",NA,"q95","numeric",NA,"overall","overall","overall","azithromycin",1734104
"Eunomia",1,"Eunomia","ingredient_name","azithromycin","overall","overall","daily_dose",NA,"min","numeric",NA,"overall","overall","overall","azithromycin",1734104
"Eunomia",1,"Eunomia","ingredient_name","azithromycin","overall","overall","daily_dose",NA,"max","numeric",NA,"overall","overall","overall","azithromycin",1734104
"Eunomia",1,"Eunomia","ingredient_name","azithromycin","unit","milligram","number records",NA,"count","integer","10","overall","overall","milligram","azithromycin",1734104
"Eunomia",1,"Eunomia","ingredient_name","azithromycin","unit","milligram","Missing dose",NA,"count_missing","integer","10","overall","overall","milligram","azithromycin",1734104
"Eunomia",1,"Eunomia","ingredient_name","azithromycin","unit","milligram","Missing dose",NA,"percentage_missing","percentage","100","overall","overall","milligram","azithromycin",1734104
"Eunomia",1,"Eunomia","ingredient_name","azithromycin","unit","milligram","daily_dose",NA,"mean","numeric",NA,"overall","overall","milligram","azithromycin",1734104
"Eunomia",1,"Eunomia","ingredient_name","azithromycin","unit","milligram","daily_dose",NA,"sd","numeric",NA,"overall","overall","milligram","azithromycin",1734104
"Eunomia",1,"Eunomia","ingredient_name","azithromycin","unit","milligram","daily_dose",NA,"q05","numeric",NA,"overall","overall","milligram","azithromycin",1734104
"Eunomia",1,"Eunomia","ingredient_name","azithromycin","unit","milligram","daily_dose",NA,"q25","numeric",NA,"overall","overall","milligram","azithromycin",1734104
"Eunomia",1,"Eunomia","ingredient_name","azithromycin","unit","milligram","daily_dose",NA,"median","numeric",NA,"overall","overall","milligram","azithromycin",1734104
"Eunomia",1,"Eunomia","ingredient_name","azithromycin","unit","milligram","daily_dose",NA,"q75","numeric",NA,"overall","overall","milligram","azithromycin",1734104
"Eunomia",1,"Eunomia","ingredient_name","azithromycin","unit","milligram","daily_dose",NA,"q95","numeric",NA,"overall","overall","milligram","azithromycin",1734104
"Eunomia",1,"Eunomia","ingredient_name","azithromycin","unit","milligram","daily_dose",NA,"min","numeric",NA,"overall","overall","milligram","azithromycin",1734104
"Eunomia",1,"Eunomia","ingredient_name","azithromycin","unit","milligram","daily_dose",NA,"max","numeric",NA,"overall","overall","milligram","azithromycin",1734104
"Eunomia",1,"Eunomia","ingredient_name","azithromycin","route &&& unit","oral &&& milligram","number records",NA,"count","integer","10","overall","overall","oral  milligram","azithromycin",1734104
"Eunomia",1,"Eunomia","ingredient_name","azithromycin","route &&& unit","oral &&& milligram","Missing dose",NA,"count_missing","integer","10","overall","overall","oral  milligram","azithromycin",1734104
"Eunomia",1,"Eunomia","ingredient_name","azithromycin","route &&& unit","oral &&& milligram","Missing dose",NA,"percentage_missing","percentage","100","overall","overall","oral  milligram","azithromycin",1734104
"Eunomia",1,"Eunomia","ingredient_name","azithromycin","route &&& unit","oral &&& milligram","daily_dose",NA,"mean","numeric",NA,"overall","overall","oral  milligram","azithromycin",1734104
"Eunomia",1,"Eunomia","ingredient_name","azithromycin","route &&& unit","oral &&& milligram","daily_dose",NA,"sd","numeric",NA,"overall","overall","oral  milligram","azithromycin",1734104
"Eunomia",1,"Eunomia","ingredient_name","azithromycin","route &&& unit","oral &&& milligram","daily_dose",NA,"q05","numeric",NA,"overall","overall","oral  milligram","azithromycin",1734104
"Eunomia",1,"Eunomia","ingredient_name","azithromycin","route &&& unit","oral &&& milligram","daily_dose",NA,"q25","numeric",NA,"overall","overall","oral  milligram","azithromycin",1734104
"Eunomia",1,"Eunomia","ingredient_name","azithromycin","route &&& unit","oral &&& milligram","daily_dose",NA,"median","numeric",NA,"overall","overall","oral  milligram","azithromycin",1734104
"Eunomia",1,"Eunomia","ingredient_name","azithromycin","route &&& unit","oral &&& milligram","daily_dose",NA,"q75","numeric",NA,"overall","overall","oral  milligram","azithromycin",1734104
"Eunomia",1,"Eunomia","ingredient_name","azithromycin","route &&& unit","oral &&& milligram","daily_dose",NA,"q95","numeric",NA,"overall","overall","oral  milligram","azithromycin",1734104
"Eunomia",1,"Eunomia","ingredient_name","azithromycin","route &&& unit","oral &&& milligram","daily_dose",NA,"min","numeric",NA,"overall","overall","oral  milligram","azithromycin",1734104
"Eunomia",1,"Eunomia","ingredient_name","azithromycin","route &&& unit","oral &&& milligram","daily_dose",NA,"max","numeric",NA,"overall","overall","oral  milligram","azithromycin",1734104
"Eunomia",1,"Eunomia","ingredient_name","azithromycin","unit &&& route &&& pattern_id","milligram &&& oral &&& 9","number records",NA,"count","integer","10","overall","overall","milligram  oral   fixed_amount_milligram","azithromycin",1734104
"Eunomia",1,"Eunomia","ingredient_name","azithromycin","unit &&& route &&& pattern_id","milligram &&& oral &&& 9","Missing dose",NA,"count_missing","integer","10","overall","overall","milligram  oral   fixed_amount_milligram","azithromycin",1734104
"Eunomia",1,"Eunomia","ingredient_name","azithromycin","unit &&& route &&& pattern_id","milligram &&& oral &&& 9","Missing dose",NA,"percentage_missing","percentage","100","overall","overall","milligram  oral   fixed_amount_milligram","azithromycin",1734104
"Eunomia",1,"Eunomia","ingredient_name","azithromycin","unit &&& route &&& pattern_id","milligram &&& oral &&& 9","daily_dose",NA,"mean","numeric",NA,"overall","overall","milligram  oral   fixed_amount_milligram","azithromycin",1734104
"Eunomia",1,"Eunomia","ingredient_name","azithromycin","unit &&& route &&& pattern_id","milligram &&& oral &&& 9","daily_dose",NA,"sd","numeric",NA,"overall","overall","milligram  oral   fixed_amount_milligram","azithromycin",1734104
"Eunomia",1,"Eunomia","ingredient_name","azithromycin","unit &&& route &&& pattern_id","milligram &&& oral &&& 9","daily_dose",NA,"q05","numeric",NA,"overall","overall","milligram  oral   fixed_amount_milligram","azithromycin",1734104
"Eunomia",1,"Eunomia","ingredient_name","azithromycin","unit &&& route &&& pattern_id","milligram &&& oral &&& 9","daily_dose",NA,"q25","numeric",NA,"overall","overall","milligram  oral   fixed_amount_milligram","azithromycin",1734104
"Eunomia",1,"Eunomia","ingredient_name","azithromycin","unit &&& route &&& pattern_id","milligram &&& oral &&& 9","daily_dose",NA,"median","numeric",NA,"overall","overall","milligram  oral   fixed_amount_milligram","azithromycin",1734104
"Eunomia",1,"Eunomia","ingredient_name","azithromycin","unit &&& route &&& pattern_id","milligram &&& oral &&& 9","daily_dose",NA,"q75","numeric",NA,"overall","overall","milligram  oral   fixed_amount_milligram","azithromycin",1734104
"Eunomia",1,"Eunomia","ingredient_name","azithromycin","unit &&& route &&& pattern_id","milligram &&& oral &&& 9","daily_dose",NA,"q95","numeric",NA,"overall","overall","milligram  oral   fixed_amount_milligram","azithromycin",1734104
"Eunomia",1,"Eunomia","ingredient_name","azithromycin","unit &&& route &&& pattern_id","milligram &&& oral &&& 9","daily_dose",NA,"min","numeric",NA,"overall","overall","milligram  oral   fixed_amount_milligram","azithromycin",1734104
"Eunomia",1,"Eunomia","ingredient_name","azithromycin","unit &&& route &&& pattern_id","milligram &&& oral &&& 9","daily_dose",NA,"max","numeric",NA,"overall","overall","milligram  oral   fixed_amount_milligram","azithromycin",1734104
"Eunomia",1,"Eunomia","ingredient_name","piperacillin","overall","overall","number records",NA,"count","integer","136","overall","overall","overall","piperacillin",1746114
"Eunomia",1,"Eunomia","ingredient_name","piperacillin","overall","overall","Missing dose",NA,"count_missing","integer","136","overall","overall","overall","piperacillin",1746114
"Eunomia",1,"Eunomia","ingredient_name","piperacillin","overall","overall","Missing dose",NA,"percentage_missing","percentage","100","overall","overall","overall","piperacillin",1746114
"Eunomia",1,"Eunomia","ingredient_name","piperacillin","overall","overall","daily_dose",NA,"mean","numeric",NA,"overall","overall","overall","piperacillin",1746114
"Eunomia",1,"Eunomia","ingredient_name","piperacillin","overall","overall","daily_dose",NA,"sd","numeric",NA,"overall","overall","overall","piperacillin",1746114
"Eunomia",1,"Eunomia","ingredient_name","piperacillin","overall","overall","daily_dose",NA,"q05","numeric",NA,"overall","overall","overall","piperacillin",1746114
"Eunomia",1,"Eunomia","ingredient_name","piperacillin","overall","overall","daily_dose",NA,"q25","numeric",NA,"overall","overall","overall","piperacillin",1746114
"Eunomia",1,"Eunomia","ingredient_name","piperacillin","overall","overall","daily_dose",NA,"median","numeric",NA,"overall","overall","overall","piperacillin",1746114
"Eunomia",1,"Eunomia","ingredient_name","piperacillin","overall","overall","daily_dose",NA,"q75","numeric",NA,"overall","overall","overall","piperacillin",1746114
"Eunomia",1,"Eunomia","ingredient_name","piperacillin","overall","overall","daily_dose",NA,"q95","numeric",NA,"overall","overall","overall","piperacillin",1746114
"Eunomia",1,"Eunomia","ingredient_name","piperacillin","overall","overall","daily_dose",NA,"min","numeric",NA,"overall","overall","overall","piperacillin",1746114
"Eunomia",1,"Eunomia","ingredient_name","piperacillin","overall","overall","daily_dose",NA,"max","numeric",NA,"overall","overall","overall","piperacillin",1746114
"Eunomia",1,"Eunomia","ingredient_name","piperacillin","unit","milligram","number records",NA,"count","integer","136","overall","overall","milligram","piperacillin",1746114
"Eunomia",1,"Eunomia","ingredient_name","piperacillin","unit","milligram","Missing dose",NA,"count_missing","integer","136","overall","overall","milligram","piperacillin",1746114
"Eunomia",1,"Eunomia","ingredient_name","piperacillin","unit","milligram","Missing dose",NA,"percentage_missing","percentage","100","overall","overall","milligram","piperacillin",1746114
"Eunomia",1,"Eunomia","ingredient_name","piperacillin","unit","milligram","daily_dose",NA,"mean","numeric",NA,"overall","overall","milligram","piperacillin",1746114
"Eunomia",1,"Eunomia","ingredient_name","piperacillin","unit","milligram","daily_dose",NA,"sd","numeric",NA,"overall","overall","milligram","piperacillin",1746114
"Eunomia",1,"Eunomia","ingredient_name","piperacillin","unit","milligram","daily_dose",NA,"q05","numeric",NA,"overall","overall","milligram","piperacillin",1746114
"Eunomia",1,"Eunomia","ingredient_name","piperacillin","unit","milligram","daily_dose",NA,"q25","numeric",NA,"overall","overall","milligram","piperacillin",1746114
"Eunomia",1,"Eunomia","ingredient_name","piperacillin","unit","milligram","daily_dose",NA,"median","numeric",NA,"overall","overall","milligram","piperacillin",1746114
"Eunomia",1,"Eunomia","ingredient_name","piperacillin","unit","milligram","daily_dose",NA,"q75","numeric",NA,"overall","overall","milligram","piperacillin",1746114
"Eunomia",1,"Eunomia","ingredient_name","piperacillin","unit","milligram","daily_dose",NA,"q95","numeric",NA,"overall","overall","milligram","piperacillin",1746114
"Eunomia",1,"Eunomia","ingredient_name","piperacillin","unit","milligram","daily_dose",NA,"min","numeric",NA,"overall","overall","milligram","piperacillin",1746114
"Eunomia",1,"Eunomia","ingredient_name","piperacillin","unit","milligram","daily_dose",NA,"max","numeric",NA,"overall","overall","milligram","piperacillin",1746114
"Eunomia",1,"Eunomia","ingredient_name","piperacillin","route &&& unit","injectable &&& milligram","number records",NA,"count","integer","136","overall","overall","injectable  milligram","piperacillin",1746114
"Eunomia",1,"Eunomia","ingredient_name","piperacillin","route &&& unit","injectable &&& milligram","Missing dose",NA,"count_missing","integer","136","overall","overall","injectable  milligram","piperacillin",1746114
"Eunomia",1,"Eunomia","ingredient_name","piperacillin","route &&& unit","injectable &&& milligram","Missing dose",NA,"percentage_missing","percentage","100","overall","overall","injectable  milligram","piperacillin",1746114
"Eunomia",1,"Eunomia","ingredient_name","piperacillin","route &&& unit","injectable &&& milligram","daily_dose",NA,"mean","numeric",NA,"overall","overall","injectable  milligram","piperacillin",1746114
"Eunomia",1,"Eunomia","ingredient_name","piperacillin","route &&& unit","injectable &&& milligram","daily_dose",NA,"sd","numeric",NA,"overall","overall","injectable  milligram","piperacillin",1746114
"Eunomia",1,"Eunomia","ingredient_name","piperacillin","route &&& unit","injectable &&& milligram","daily_dose",NA,"q05","numeric",NA,"overall","overall","injectable  milligram","piperacillin",1746114
"Eunomia",1,"Eunomia","ingredient_name","piperacillin","route &&& unit","injectable &&& milligram","daily_dose",NA,"q25","numeric",NA,"overall","overall","injectable  milligram","piperacillin",1746114
"Eunomia",1,"Eunomia","ingredient_name","piperacillin","route &&& unit","injectable &&& milligram","daily_dose",NA,"median","numeric",NA,"overall","overall","injectable  milligram","piperacillin",1746114
"Eunomia",1,"Eunomia","ingredient_name","piperacillin","route &&& unit","injectable &&& milligram","daily_dose",NA,"q75","numeric",NA,"overall","overall","injectable  milligram","piperacillin",1746114
"Eunomia",1,"Eunomia","ingredient_name","piperacillin","route &&& unit","injectable &&& milligram","daily_dose",NA,"q95","numeric",NA,"overall","overall","injectable  milligram","piperacillin",1746114
"Eunomia",1,"Eunomia","ingredient_name","piperacillin","route &&& unit","injectable &&& milligram","daily_dose",NA,"min","numeric",NA,"overall","overall","injectable  milligram","piperacillin",1746114
"Eunomia",1,"Eunomia","ingredient_name","piperacillin","route &&& unit","injectable &&& milligram","daily_dose",NA,"max","numeric",NA,"overall","overall","injectable  milligram","piperacillin",1746114
"Eunomia",1,"Eunomia","ingredient_name","piperacillin","unit &&& route &&& pattern_id","milligram &&& injectable &&& 9","number records",NA,"count","integer","136","overall","overall","milligram  injectable   fixed_amount_milligram","piperacillin",1746114
"Eunomia",1,"Eunomia","ingredient_name","piperacillin","unit &&& route &&& pattern_id","milligram &&& injectable &&& 9","Missing dose",NA,"count_missing","integer","136","overall","overall","milligram  injectable   fixed_amount_milligram","piperacillin",1746114
"Eunomia",1,"Eunomia","ingredient_name","piperacillin","unit &&& route &&& pattern_id","milligram &&& injectable &&& 9","Missing dose",NA,"percentage_missing","percentage","100","overall","overall","milligram  injectable   fixed_amount_milligram","piperacillin",1746114
"Eunomia",1,"Eunomia","ingredient_name","piperacillin","unit &&& route &&& pattern_id","milligram &&& injectable &&& 9","daily_dose",NA,"mean","numeric",NA,"overall","overall","milligram  injectable   fixed_amount_milligram","piperacillin",1746114
"Eunomia",1,"Eunomia","ingredient_name","piperacillin","unit &&& route &&& pattern_id","milligram &&& injectable &&& 9","daily_dose",NA,"sd","numeric",NA,"overall","overall","milligram  injectable   fixed_amount_milligram","piperacillin",1746114
"Eunomia",1,"Eunomia","ingredient_name","piperacillin","unit &&& route &&& pattern_id","milligram &&& injectable &&& 9","daily_dose",NA,"q05","numeric",NA,"overall","overall","milligram  injectable   fixed_amount_milligram","piperacillin",1746114
"Eunomia",1,"Eunomia","ingredient_name","piperacillin","unit &&& route &&& pattern_id","milligram &&& injectable &&& 9","daily_dose",NA,"q25","numeric",NA,"overall","overall","milligram  injectable   fixed_amount_milligram","piperacillin",1746114
"Eunomia",1,"Eunomia","ingredient_name","piperacillin","unit &&& route &&& pattern_id","milligram &&& injectable &&& 9","daily_dose",NA,"median","numeric",NA,"overall","overall","milligram  injectable   fixed_amount_milligram","piperacillin",1746114
"Eunomia",1,"Eunomia","ingredient_name","piperacillin","unit &&& route &&& pattern_id","milligram &&& injectable &&& 9","daily_dose",NA,"q75","numeric",NA,"overall","overall","milligram  injectable   fixed_amount_milligram","piperacillin",1746114
"Eunomia",1,"Eunomia","ingredient_name","piperacillin","unit &&& route &&& pattern_id","milligram &&& injectable &&& 9","daily_dose",NA,"q95","numeric",NA,"overall","overall","milligram  injectable   fixed_amount_milligram","piperacillin",1746114
"Eunomia",1,"Eunomia","ingredient_name","piperacillin","unit &&& route &&& pattern_id","milligram &&& injectable &&& 9","daily_dose",NA,"min","numeric",NA,"overall","overall","milligram  injectable   fixed_amount_milligram","piperacillin",1746114
"Eunomia",1,"Eunomia","ingredient_name","piperacillin","unit &&& route &&& pattern_id","milligram &&& injectable &&& 9","daily_dose",NA,"max","numeric",NA,"overall","overall","milligram  injectable   fixed_amount_milligram","piperacillin",1746114
"Eunomia",1,"Eunomia","ingredient_name","tazobactam","overall","overall","number records",NA,"count","integer","136","overall","overall","overall","tazobactam",1741122
"Eunomia",1,"Eunomia","ingredient_name","tazobactam","overall","overall","Missing dose",NA,"count_missing","integer","136","overall","overall","overall","tazobactam",1741122
"Eunomia",1,"Eunomia","ingredient_name","tazobactam","overall","overall","Missing dose",NA,"percentage_missing","percentage","100","overall","overall","overall","tazobactam",1741122
"Eunomia",1,"Eunomia","ingredient_name","tazobactam","overall","overall","daily_dose",NA,"mean","numeric",NA,"overall","overall","overall","tazobactam",1741122
"Eunomia",1,"Eunomia","ingredient_name","tazobactam","overall","overall","daily_dose",NA,"sd","numeric",NA,"overall","overall","overall","tazobactam",1741122
"Eunomia",1,"Eunomia","ingredient_name","tazobactam","overall","overall","daily_dose",NA,"q05","numeric",NA,"overall","overall","overall","tazobactam",1741122
"Eunomia",1,"Eunomia","ingredient_name","tazobactam","overall","overall","daily_dose",NA,"q25","numeric",NA,"overall","overall","overall","tazobactam",1741122
"Eunomia",1,"Eunomia","ingredient_name","tazobactam","overall","overall","daily_dose",NA,"median","numeric",NA,"overall","overall","overall","tazobactam",1741122
"Eunomia",1,"Eunomia","ingredient_name","tazobactam","overall","overall","daily_dose",NA,"q75","numeric",NA,"overall","overall","overall","tazobactam",1741122
"Eunomia",1,"Eunomia","ingredient_name","tazobactam","overall","overall","daily_dose",NA,"q95","numeric",NA,"overall","overall","overall","tazobactam",1741122
"Eunomia",1,"Eunomia","ingredient_name","tazobactam","overall","overall","daily_dose",NA,"min","numeric",NA,"overall","overall","overall","tazobactam",1741122
"Eunomia",1,"Eunomia","ingredient_name","tazobactam","overall","overall","daily_dose",NA,"max","numeric",NA,"overall","overall","overall","tazobactam",1741122
"Eunomia",1,"Eunomia","ingredient_name","tazobactam","unit","milligram","number records",NA,"count","integer","136","overall","overall","milligram","tazobactam",1741122
"Eunomia",1,"Eunomia","ingredient_name","tazobactam","unit","milligram","Missing dose",NA,"count_missing","integer","136","overall","overall","milligram","tazobactam",1741122
"Eunomia",1,"Eunomia","ingredient_name","tazobactam","unit","milligram","Missing dose",NA,"percentage_missing","percentage","100","overall","overall","milligram","tazobactam",1741122
"Eunomia",1,"Eunomia","ingredient_name","tazobactam","unit","milligram","daily_dose",NA,"mean","numeric",NA,"overall","overall","milligram","tazobactam",1741122
"Eunomia",1,"Eunomia","ingredient_name","tazobactam","unit","milligram","daily_dose",NA,"sd","numeric",NA,"overall","overall","milligram","tazobactam",1741122
"Eunomia",1,"Eunomia","ingredient_name","tazobactam","unit","milligram","daily_dose",NA,"q05","numeric",NA,"overall","overall","milligram","tazobactam",1741122
"Eunomia",1,"Eunomia","ingredient_name","tazobactam","unit","milligram","daily_dose",NA,"q25","numeric",NA,"overall","overall","milligram","tazobactam",1741122
"Eunomia",1,"Eunomia","ingredient_name","tazobactam","unit","milligram","daily_dose",NA,"median","numeric",NA,"overall","overall","milligram","tazobactam",1741122
"Eunomia",1,"Eunomia","ingredient_name","tazobactam","unit","milligram","daily_dose",NA,"q75","numeric",NA,"overall","overall","milligram","tazobactam",1741122
"Eunomia",1,"Eunomia","ingredient_name","tazobactam","unit","milligram","daily_dose",NA,"q95","numeric",NA,"overall","overall","milligram","tazobactam",1741122
"Eunomia",1,"Eunomia","ingredient_name","tazobactam","unit","milligram","daily_dose",NA,"min","numeric",NA,"overall","overall","milligram","tazobactam",1741122
"Eunomia",1,"Eunomia","ingredient_name","tazobactam","unit","milligram","daily_dose",NA,"max","numeric",NA,"overall","overall","milligram","tazobactam",1741122
"Eunomia",1,"Eunomia","ingredient_name","tazobactam","route &&& unit","injectable &&& milligram","number records",NA,"count","integer","136","overall","overall","injectable  milligram","tazobactam",1741122
"Eunomia",1,"Eunomia","ingredient_name","tazobactam","route &&& unit","injectable &&& milligram","Missing dose",NA,"count_missing","integer","136","overall","overall","injectable  milligram","tazobactam",1741122
"Eunomia",1,"Eunomia","ingredient_name","tazobactam","route &&& unit","injectable &&& milligram","Missing dose",NA,"percentage_missing","percentage","100","overall","overall","injectable  milligram","tazobactam",1741122
"Eunomia",1,"Eunomia","ingredient_name","tazobactam","route &&& unit","injectable &&& milligram","daily_dose",NA,"mean","numeric",NA,"overall","overall","injectable  milligram","tazobactam",1741122
"Eunomia",1,"Eunomia","ingredient_name","tazobactam","route &&& unit","injectable &&& milligram","daily_dose",NA,"sd","numeric",NA,"overall","overall","injectable  milligram","tazobactam",1741122
"Eunomia",1,"Eunomia","ingredient_name","tazobactam","route &&& unit","injectable &&& milligram","daily_dose",NA,"q05","numeric",NA,"overall","overall","injectable  milligram","tazobactam",1741122
"Eunomia",1,"Eunomia","ingredient_name","tazobactam","route &&& unit","injectable &&& milligram","daily_dose",NA,"q25","numeric",NA,"overall","overall","injectable  milligram","tazobactam",1741122
"Eunomia",1,"Eunomia","ingredient_name","tazobactam","route &&& unit","injectable &&& milligram","daily_dose",NA,"median","numeric",NA,"overall","overall","injectable  milligram","tazobactam",1741122
"Eunomia",1,"Eunomia","ingredient_name","tazobactam","route &&& unit","injectable &&& milligram","daily_dose",NA,"q75","numeric",NA,"overall","overall","injectable  milligram","tazobactam",1741122
"Eunomia",1,"Eunomia","ingredient_name","tazobactam","route &&& unit","injectable &&& milligram","daily_dose",NA,"q95","numeric",NA,"overall","overall","injectable  milligram","tazobactam",1741122
"Eunomia",1,"Eunomia","ingredient_name","tazobactam","route &&& unit","injectable &&& milligram","daily_dose",NA,"min","numeric",NA,"overall","overall","injectable  milligram","tazobactam",1741122
"Eunomia",1,"Eunomia","ingredient_name","tazobactam","route &&& unit","injectable &&& milligram","daily_dose",NA,"max","numeric",NA,"overall","overall","injectable  milligram","tazobactam",1741122
"Eunomia",1,"Eunomia","ingredient_name","tazobactam","unit &&& route &&& pattern_id","milligram &&& injectable &&& 9","number records",NA,"count","integer","136","overall","overall","milligram  injectable   fixed_amount_milligram","tazobactam",1741122
"Eunomia",1,"Eunomia","ingredient_name","tazobactam","unit &&& route &&& pattern_id","milligram &&& injectable &&& 9","Missing dose",NA,"count_missing","integer","136","overall","overall","milligram  injectable   fixed_amount_milligram","tazobactam",1741122
"Eunomia",1,"Eunomia","ingredient_name","tazobactam","unit &&& route &&& pattern_id","milligram &&& injectable &&& 9","Missing dose",NA,"percentage_missing","percentage","100","overall","overall","milligram  injectable   fixed_amount_milligram","tazobactam",1741122
"Eunomia",1,"Eunomia","ingredient_name","tazobactam","unit &&& route &&& pattern_id","milligram &&& injectable &&& 9","daily_dose",NA,"mean","numeric",NA,"overall","overall","milligram  injectable   fixed_amount_milligram","tazobactam",1741122
"Eunomia",1,"Eunomia","ingredient_name","tazobactam","unit &&& route &&& pattern_id","milligram &&& injectable &&& 9","daily_dose",NA,"sd","numeric",NA,"overall","overall","milligram  injectable   fixed_amount_milligram","tazobactam",1741122
"Eunomia",1,"Eunomia","ingredient_name","tazobactam","unit &&& route &&& pattern_id","milligram &&& injectable &&& 9","daily_dose",NA,"q05","numeric",NA,"overall","overall","milligram  injectable   fixed_amount_milligram","tazobactam",1741122
"Eunomia",1,"Eunomia","ingredient_name","tazobactam","unit &&& route &&& pattern_id","milligram &&& injectable &&& 9","daily_dose",NA,"q25","numeric",NA,"overall","overall","milligram  injectable   fixed_amount_milligram","tazobactam",1741122
"Eunomia",1,"Eunomia","ingredient_name","tazobactam","unit &&& route &&& pattern_id","milligram &&& injectable &&& 9","daily_dose",NA,"median","numeric",NA,"overall","overall","milligram  injectable   fixed_amount_milligram","tazobactam",1741122
"Eunomia",1,"Eunomia","ingredient_name","tazobactam","unit &&& route &&& pattern_id","milligram &&& injectable &&& 9","daily_dose",NA,"q75","numeric",NA,"overall","overall","milligram  injectable   fixed_amount_milligram","tazobactam",1741122
"Eunomia",1,"Eunomia","ingredient_name","tazobactam","unit &&& route &&& pattern_id","milligram &&& injectable &&& 9","daily_dose",NA,"q95","numeric",NA,"overall","overall","milligram  injectable   fixed_amount_milligram","tazobactam",1741122
"Eunomia",1,"Eunomia","ingredient_name","tazobactam","unit &&& route &&& pattern_id","milligram &&& injectable &&& 9","daily_dose",NA,"min","numeric",NA,"overall","overall","milligram  injectable   fixed_amount_milligram","tazobactam",1741122
"Eunomia",1,"Eunomia","ingredient_name","tazobactam","unit &&& route &&& pattern_id","milligram &&& injectable &&& 9","daily_dose",NA,"max","numeric",NA,"overall","overall","milligram  injectable   fixed_amount_milligram","tazobactam",1741122
"Eunomia",1,"Eunomia","ingredient_name","vancomycin","overall","overall","number records",NA,"count","integer","136","overall","overall","overall","vancomycin",1707687
"Eunomia",1,"Eunomia","ingredient_name","vancomycin","overall","overall","Missing dose",NA,"count_missing","integer","136","overall","overall","overall","vancomycin",1707687
"Eunomia",1,"Eunomia","ingredient_name","vancomycin","overall","overall","Missing dose",NA,"percentage_missing","percentage","100","overall","overall","overall","vancomycin",1707687
"Eunomia",1,"Eunomia","ingredient_name","vancomycin","overall","overall","daily_dose",NA,"mean","numeric",NA,"overall","overall","overall","vancomycin",1707687
"Eunomia",1,"Eunomia","ingredient_name","vancomycin","overall","overall","daily_dose",NA,"sd","numeric",NA,"overall","overall","overall","vancomycin",1707687
"Eunomia",1,"Eunomia","ingredient_name","vancomycin","overall","overall","daily_dose",NA,"q05","numeric",NA,"overall","overall","overall","vancomycin",1707687
"Eunomia",1,"Eunomia","ingredient_name","vancomycin","overall","overall","daily_dose",NA,"q25","numeric",NA,"overall","overall","overall","vancomycin",1707687
"Eunomia",1,"Eunomia","ingredient_name","vancomycin","overall","overall","daily_dose",NA,"median","numeric",NA,"overall","overall","overall","vancomycin",1707687
"Eunomia",1,"Eunomia","ingredient_name","vancomycin","overall","overall","daily_dose",NA,"q75","numeric",NA,"overall","overall","overall","vancomycin",1707687
"Eunomia",1,"Eunomia","ingredient_name","vancomycin","overall","overall","daily_dose",NA,"q95","numeric",NA,"overall","overall","overall","vancomycin",1707687
"Eunomia",1,"Eunomia","ingredient_name","vancomycin","overall","overall","daily_dose",NA,"min","numeric",NA,"overall","overall","overall","vancomycin",1707687
"Eunomia",1,"Eunomia","ingredient_name","vancomycin","overall","overall","daily_dose",NA,"max","numeric",NA,"overall","overall","overall","vancomycin",1707687
"Eunomia",1,"Eunomia","ingredient_name","vancomycin","unit","milligram","number records",NA,"count","integer","136","overall","overall","milligram","vancomycin",1707687
"Eunomia",1,"Eunomia","ingredient_name","vancomycin","unit","milligram","Missing dose",NA,"count_missing","integer","136","overall","overall","milligram","vancomycin",1707687
"Eunomia",1,"Eunomia","ingredient_name","vancomycin","unit","milligram","Missing dose",NA,"percentage_missing","percentage","100","overall","overall","milligram","vancomycin",1707687
"Eunomia",1,"Eunomia","ingredient_name","vancomycin","unit","milligram","daily_dose",NA,"mean","numeric",NA,"overall","overall","milligram","vancomycin",1707687
"Eunomia",1,"Eunomia","ingredient_name","vancomycin","unit","milligram","daily_dose",NA,"sd","numeric",NA,"overall","overall","milligram","vancomycin",1707687
"Eunomia",1,"Eunomia","ingredient_name","vancomycin","unit","milligram","daily_dose",NA,"q05","numeric",NA,"overall","overall","milligram","vancomycin",1707687
"Eunomia",1,"Eunomia","ingredient_name","vancomycin","unit","milligram","daily_dose",NA,"q25","numeric",NA,"overall","overall","milligram","vancomycin",1707687
"Eunomia",1,"Eunomia","ingredient_name","vancomycin","unit","milligram","daily_dose",NA,"median","numeric",NA,"overall","overall","milligram","vancomycin",1707687
"Eunomia",1,"Eunomia","ingredient_name","vancomycin","unit","milligram","daily_dose",NA,"q75","numeric",NA,"overall","overall","milligram","vancomycin",1707687
"Eunomia",1,"Eunomia","ingredient_name","vancomycin","unit","milligram","daily_dose",NA,"q95","numeric",NA,"overall","overall","milligram","vancomycin",1707687
"Eunomia",1,"Eunomia","ingredient_name","vancomycin","unit","milligram","daily_dose",NA,"min","numeric",NA,"overall","overall","milligram","vancomycin",1707687
"Eunomia",1,"Eunomia","ingredient_name","vancomycin","unit","milligram","daily_dose",NA,"max","numeric",NA,"overall","overall","milligram","vancomycin",1707687
"Eunomia",1,"Eunomia","ingredient_name","vancomycin","route &&& unit","injectable &&& milligram","number records",NA,"count","integer","136","overall","overall","injectable  milligram","vancomycin",1707687
"Eunomia",1,"Eunomia","ingredient_name","vancomycin","route &&& unit","injectable &&& milligram","Missing dose",NA,"count_missing","integer","136","overall","overall","injectable  milligram","vancomycin",1707687
"Eunomia",1,"Eunomia","ingredient_name","vancomycin","route &&& unit","injectable &&& milligram","Missing dose",NA,"percentage_missing","percentage","100","overall","overall","injectable  milligram","vancomycin",1707687
"Eunomia",1,"Eunomia","ingredient_name","vancomycin","route &&& unit","injectable &&& milligram","daily_dose",NA,"mean","numeric",NA,"overall","overall","injectable  milligram","vancomycin",1707687
"Eunomia",1,"Eunomia","ingredient_name","vancomycin","route &&& unit","injectable &&& milligram","daily_dose",NA,"sd","numeric",NA,"overall","overall","injectable  milligram","vancomycin",1707687
"Eunomia",1,"Eunomia","ingredient_name","vancomycin","route &&& unit","injectable &&& milligram","daily_dose",NA,"q05","numeric",NA,"overall","overall","injectable  milligram","vancomycin",1707687
"Eunomia",1,"Eunomia","ingredient_name","vancomycin","route &&& unit","injectable &&& milligram","daily_dose",NA,"q25","numeric",NA,"overall","overall","injectable  milligram","vancomycin",1707687
"Eunomia",1,"Eunomia","ingredient_name","vancomycin","route &&& unit","injectable &&& milligram","daily_dose",NA,"median","numeric",NA,"overall","overall","injectable  milligram","vancomycin",1707687
"Eunomia",1,"Eunomia","ingredient_name","vancomycin","route &&& unit","injectable &&& milligram","daily_dose",NA,"q75","numeric",NA,"overall","overall","injectable  milligram","vancomycin",1707687
"Eunomia",1,"Eunomia","ingredient_name","vancomycin","route &&& unit","injectable &&& milligram","daily_dose",NA,"q95","numeric",NA,"overall","overall","injectable  milligram","vancomycin",1707687
"Eunomia",1,"Eunomia","ingredient_name","vancomycin","route &&& unit","injectable &&& milligram","daily_dose",NA,"min","numeric",NA,"overall","overall","injectable  milligram","vancomycin",1707687
"Eunomia",1,"Eunomia","ingredient_name","vancomycin","route &&& unit","injectable &&& milligram","daily_dose",NA,"max","numeric",NA,"overall","overall","injectable  milligram","vancomycin",1707687
"Eunomia",1,"Eunomia","ingredient_name","vancomycin","unit &&& route &&& pattern_id","milligram &&& injectable &&& 9","number records",NA,"count","integer","136","overall","overall","milligram  injectable   fixed_amount_milligram","vancomycin",1707687
"Eunomia",1,"Eunomia","ingredient_name","vancomycin","unit &&& route &&& pattern_id","milligram &&& injectable &&& 9","Missing dose",NA,"count_missing","integer","136","overall","overall","milligram  injectable   fixed_amount_milligram","vancomycin",1707687
"Eunomia",1,"Eunomia","ingredient_name","vancomycin","unit &&& route &&& pattern_id","milligram &&& injectable &&& 9","Missing dose",NA,"percentage_missing","percentage","100","overall","overall","milligram  injectable   fixed_amount_milligram","vancomycin",1707687
"Eunomia",1,"Eunomia","ingredient_name","vancomycin","unit &&& route &&& pattern_id","milligram &&& injectable &&& 9","daily_dose",NA,"mean","numeric",NA,"overall","overall","milligram  injectable   fixed_amount_milligram","vancomycin",1707687
"Eunomia",1,"Eunomia","ingredient_name","vancomycin","unit &&& route &&& pattern_id","milligram &&& injectable &&& 9","daily_dose",NA,"sd","numeric",NA,"overall","overall","milligram  injectable   fixed_amount_milligram","vancomycin",1707687
"Eunomia",1,"Eunomia","ingredient_name","vancomycin","unit &&& route &&& pattern_id","milligram &&& injectable &&& 9","daily_dose",NA,"q05","numeric",NA,"overall","overall","milligram  injectable   fixed_amount_milligram","vancomycin",1707687
"Eunomia",1,"Eunomia","ingredient_name","vancomycin","unit &&& route &&& pattern_id","milligram &&& injectable &&& 9","daily_dose",NA,"q25","numeric",NA,"overall","overall","milligram  injectable   fixed_amount_milligram","vancomycin",1707687
"Eunomia",1,"Eunomia","ingredient_name","vancomycin","unit &&& route &&& pattern_id","milligram &&& injectable &&& 9","daily_dose",NA,"median","numeric",NA,"overall","overall","milligram  injectable   fixed_amount_milligram","vancomycin",1707687
"Eunomia",1,"Eunomia","ingredient_name","vancomycin","unit &&& route &&& pattern_id","milligram &&& injectable &&& 9","daily_dose",NA,"q75","numeric",NA,"overall","overall","milligram  injectable   fixed_amount_milligram","vancomycin",1707687
"Eunomia",1,"Eunomia","ingredient_name","vancomycin","unit &&& route &&& pattern_id","milligram &&& injectable &&& 9","daily_dose",NA,"q95","numeric",NA,"overall","overall","milligram  injectable   fixed_amount_milligram","vancomycin",1707687
"Eunomia",1,"Eunomia","ingredient_name","vancomycin","unit &&& route &&& pattern_id","milligram &&& injectable &&& 9","daily_dose",NA,"min","numeric",NA,"overall","overall","milligram  injectable   fixed_amount_milligram","vancomycin",1707687
"Eunomia",1,"Eunomia","ingredient_name","vancomycin","unit &&& route &&& pattern_id","milligram &&& injectable &&& 9","daily_dose",NA,"max","numeric",NA,"overall","overall","milligram  injectable   fixed_amount_milligram","vancomycin",1707687
