"database_id","ingredient_concept_id","ingredient","n_records","n_sample","n_person","n_non_negative_days","n_negative_days","proportion_negative_days","minimum_drug_exposure_days","q05_drug_exposure_days","q10_drug_exposure_days","q25_drug_exposure_days","median_drug_exposure_days","q75_drug_exposure_days","q90_drug_exposure_days","q95_drug_exposure_days","maximum_drug_exposure_days","result_obscured"
"Eunomia",1734104,"azithromycin",NA,NA,NA,NA,NA,NA,NA,NA,NA,NA,NA,NA,NA,NA,NA,TRUE
"Eunomia",1746114,"piperacillin",136,10000,19,136,0,0,1,1,1,1,1,1,1,1,1,FALSE
"Eunomia",1741122,"tazobactam",136,10000,19,136,0,0,1,1,1,1,1,1,1,1,1,FALSE
"Eunomia",1707687,"vancomycin",136,10000,19,136,0,0,1,1,1,1,1,1,1,1,1,FALSE
