"database_id","drug_concept_id","drug","ingredient_concept_id","ingredient","drug_type_concept_id","drug_type","n_records","n_sample","n_person","proportion_records","result_obscured"
"Eunomia",19073777,"azithromycin 250 MG Oral Tablet",1734104,"azithromycin",NA,NA,NA,NA,NA,NA,TRUE
"Eunomia",46275444,"piperacillin 4000 MG / tazobactam 500 MG Injection",1746114,"piperacillin",32869,"Pharmacy claim",136,10000,19,1,FALSE
"Eunomia",46275444,"piperacillin 4000 MG / tazobactam 500 MG Injection",1741122,"tazobactam",32869,"Pharmacy claim",136,10000,19,1,FALSE
"Eunomia",40221355,"vancomycin 1000 MG Injection",1707687,"vancomycin",32869,"Pharmacy claim",136,10000,19,1,FALSE
