"database_id","ingredient_concept_id","ingredient","n_records","n_sample","n_person","minimum_drug_exposure_quantity","q05_drug_exposure_quantity","q10_drug_exposure_quantity","q25_drug_exposure_quantity","median_drug_exposure_quantity","q75_drug_exposure_quantity","q90_drug_exposure_quantity","q95_drug_exposure_quantity","maximum_drug_exposure_quantity","result_obscured"
"Eunomia",1734104,"azithromycin",NA,NA,NA,NA,NA,NA,NA,NA,NA,NA,NA,NA,TRUE
"Eunomia",1746114,"piperacillin",136,10000,19,0,0,0,0,0,0,0,0,0,FALSE
"Eunomia",1741122,"tazobactam",136,10000,19,0,0,0,0,0,0,0,0,0,FALSE
"Eunomia",1707687,"vancomycin",136,10000,19,0,0,0,0,0,0,0,0,0,FALSE
