"database_id","drug_concept_id","drug","ingredient_concept_id","ingredient","variable","n_records","n_sample","n_person","n_records_not_missing_value","n_records_missing_value","proportion_records_missing_value","result_obscured"
"Eunomia",19073777,"azithromycin 250 MG Oral Tablet",1734104,"azithromycin",NA,NA,NA,NA,NA,NA,NA,TRUE
"Eunomia",19073777,"azithromycin 250 MG Oral Tablet",1734104,"azithromycin",NA,NA,NA,NA,NA,NA,NA,TRUE
"Eunomia",19073777,"azithromycin 250 MG Oral Tablet",1734104,"azithromycin",NA,NA,NA,NA,NA,NA,NA,TRUE
"Eunomia",19073777,"azithromycin 250 MG Oral Tablet",1734104,"azithromycin",NA,NA,NA,NA,NA,NA,NA,TRUE
"Eunomia",19073777,"azithromycin 250 MG Oral Tablet",1734104,"azithromycin",NA,NA,NA,NA,NA,NA,NA,TRUE
"Eunomia",19073777,"azithromycin 250 MG Oral Tablet",1734104,"azithromycin",NA,NA,NA,NA,NA,NA,NA,TRUE
"Eunomia",19073777,"azithromycin 250 MG Oral Tablet",1734104,"azithromycin",NA,NA,NA,NA,NA,NA,NA,TRUE
"Eunomia",19073777,"azithromycin 250 MG Oral Tablet",1734104,"azithromycin",NA,NA,NA,NA,NA,NA,NA,TRUE
"Eunomia",19073777,"azithromycin 250 MG Oral Tablet",1734104,"azithromycin",NA,NA,NA,NA,NA,NA,NA,TRUE
"Eunomia",19073777,"azithromycin 250 MG Oral Tablet",1734104,"azithromycin",NA,NA,NA,NA,NA,NA,NA,TRUE
"Eunomia",19073777,"azithromycin 250 MG Oral Tablet",1734104,"azithromycin",NA,NA,NA,NA,NA,NA,NA,TRUE
"Eunomia",19073777,"azithromycin 250 MG Oral Tablet",1734104,"azithromycin",NA,NA,NA,NA,NA,NA,NA,TRUE
"Eunomia",19073777,"azithromycin 250 MG Oral Tablet",1734104,"azithromycin",NA,NA,NA,NA,NA,NA,NA,TRUE
"Eunomia",19073777,"azithromycin 250 MG Oral Tablet",1734104,"azithromycin",NA,NA,NA,NA,NA,NA,NA,TRUE
"Eunomia",19073777,"azithromycin 250 MG Oral Tablet",1734104,"azithromycin",NA,NA,NA,NA,NA,NA,NA,TRUE
"Eunomia",46275444,"piperacillin 4000 MG / tazobactam 500 MG Injection",1746114,"piperacillin","n_missing_drug_exposure_id",136,10000,19,136,0,0,FALSE
"Eunomia",46275444,"piperacillin 4000 MG / tazobactam 500 MG Injection",1746114,"piperacillin","n_missing_person_id",136,10000,19,136,0,0,FALSE
"Eunomia",46275444,"piperacillin 4000 MG / tazobactam 500 MG Injection",1746114,"piperacillin","n_missing_drug_concept_id",136,10000,19,136,0,0,FALSE
"Eunomia",46275444,"piperacillin 4000 MG / tazobactam 500 MG Injection",1746114,"piperacillin","n_missing_drug_exposure_start_date",136,10000,19,136,0,0,FALSE
"Eunomia",46275444,"piperacillin 4000 MG / tazobactam 500 MG Injection",1746114,"piperacillin","n_missing_drug_exposure_end_date",136,10000,19,136,0,0,FALSE
"Eunomia",46275444,"piperacillin 4000 MG / tazobactam 500 MG Injection",1746114,"piperacillin","n_missing_verbatim_end_date",136,10000,19,136,0,0,FALSE
"Eunomia",46275444,"piperacillin 4000 MG / tazobactam 500 MG Injection",1746114,"piperacillin","n_missing_drug_type_concept_id",136,10000,19,136,0,0,FALSE
"Eunomia",46275444,"piperacillin 4000 MG / tazobactam 500 MG Injection",1746114,"piperacillin","n_missing_quantity",136,10000,19,136,0,0,FALSE
"Eunomia",46275444,"piperacillin 4000 MG / tazobactam 500 MG Injection",1746114,"piperacillin","n_missing_days_supply",136,10000,19,136,0,0,FALSE
"Eunomia",46275444,"piperacillin 4000 MG / tazobactam 500 MG Injection",1746114,"piperacillin","n_missing_sig",136,10000,19,0,136,1,FALSE
"Eunomia",46275444,"piperacillin 4000 MG / tazobactam 500 MG Injection",1746114,"piperacillin","n_missing_route_concept_id",136,10000,19,0,136,1,FALSE
"Eunomia",46275444,"piperacillin 4000 MG / tazobactam 500 MG Injection",1746114,"piperacillin","n_missing_drug_source_value",136,10000,19,136,0,0,FALSE
"Eunomia",46275444,"piperacillin 4000 MG / tazobactam 500 MG Injection",1746114,"piperacillin","n_missing_drug_source_concept_id",136,10000,19,136,0,0,FALSE
"Eunomia",46275444,"piperacillin 4000 MG / tazobactam 500 MG Injection",1746114,"piperacillin","n_missing_route_source_value",136,10000,19,0,136,1,FALSE
"Eunomia",46275444,"piperacillin 4000 MG / tazobactam 500 MG Injection",1746114,"piperacillin","n_missing_dose_unit_source_value",136,10000,19,0,136,1,FALSE
"Eunomia",46275444,"piperacillin 4000 MG / tazobactam 500 MG Injection",1741122,"tazobactam","n_missing_drug_exposure_id",136,10000,19,136,0,0,FALSE
"Eunomia",46275444,"piperacillin 4000 MG / tazobactam 500 MG Injection",1741122,"tazobactam","n_missing_person_id",136,10000,19,136,0,0,FALSE
"Eunomia",46275444,"piperacillin 4000 MG / tazobactam 500 MG Injection",1741122,"tazobactam","n_missing_drug_concept_id",136,10000,19,136,0,0,FALSE
"Eunomia",46275444,"piperacillin 4000 MG / tazobactam 500 MG Injection",1741122,"tazobactam","n_missing_drug_exposure_start_date",136,10000,19,136,0,0,FALSE
"Eunomia",46275444,"piperacillin 4000 MG / tazobactam 500 MG Injection",1741122,"tazobactam","n_missing_drug_exposure_end_date",136,10000,19,136,0,0,FALSE
"Eunomia",46275444,"piperacillin 4000 MG / tazobactam 500 MG Injection",1741122,"tazobactam","n_missing_verbatim_end_date",136,10000,19,136,0,0,FALSE
"Eunomia",46275444,"piperacillin 4000 MG / tazobactam 500 MG Injection",1741122,"tazobactam","n_missing_drug_type_concept_id",136,10000,19,136,0,0,FALSE
"Eunomia",46275444,"piperacillin 4000 MG / tazobactam 500 MG Injection",1741122,"tazobactam","n_missing_quantity",136,10000,19,136,0,0,FALSE
"Eunomia",46275444,"piperacillin 4000 MG / tazobactam 500 MG Injection",1741122,"tazobactam","n_missing_days_supply",136,10000,19,136,0,0,FALSE
"Eunomia",46275444,"piperacillin 4000 MG / tazobactam 500 MG Injection",1741122,"tazobactam","n_missing_sig",136,10000,19,0,136,1,FALSE
"Eunomia",46275444,"piperacillin 4000 MG / tazobactam 500 MG Injection",1741122,"tazobactam","n_missing_route_concept_id",136,10000,19,0,136,1,FALSE
"Eunomia",46275444,"piperacillin 4000 MG / tazobactam 500 MG Injection",1741122,"tazobactam","n_missing_drug_source_value",136,10000,19,136,0,0,FALSE
"Eunomia",46275444,"piperacillin 4000 MG / tazobactam 500 MG Injection",1741122,"tazobactam","n_missing_drug_source_concept_id",136,10000,19,136,0,0,FALSE
"Eunomia",46275444,"piperacillin 4000 MG / tazobactam 500 MG Injection",1741122,"tazobactam","n_missing_route_source_value",136,10000,19,0,136,1,FALSE
"Eunomia",46275444,"piperacillin 4000 MG / tazobactam 500 MG Injection",1741122,"tazobactam","n_missing_dose_unit_source_value",136,10000,19,0,136,1,FALSE
"Eunomia",40221355,"vancomycin 1000 MG Injection",1707687,"vancomycin","n_missing_drug_exposure_id",136,10000,19,136,0,0,FALSE
"Eunomia",40221355,"vancomycin 1000 MG Injection",1707687,"vancomycin","n_missing_person_id",136,10000,19,136,0,0,FALSE
"Eunomia",40221355,"vancomycin 1000 MG Injection",1707687,"vancomycin","n_missing_drug_concept_id",136,10000,19,136,0,0,FALSE
"Eunomia",40221355,"vancomycin 1000 MG Injection",1707687,"vancomycin","n_missing_drug_exposure_start_date",136,10000,19,136,0,0,FALSE
"Eunomia",40221355,"vancomycin 1000 MG Injection",1707687,"vancomycin","n_missing_drug_exposure_end_date",136,10000,19,136,0,0,FALSE
"Eunomia",40221355,"vancomycin 1000 MG Injection",1707687,"vancomycin","n_missing_verbatim_end_date",136,10000,19,136,0,0,FALSE
"Eunomia",40221355,"vancomycin 1000 MG Injection",1707687,"vancomycin","n_missing_drug_type_concept_id",136,10000,19,136,0,0,FALSE
"Eunomia",40221355,"vancomycin 1000 MG Injection",1707687,"vancomycin","n_missing_quantity",136,10000,19,136,0,0,FALSE
"Eunomia",40221355,"vancomycin 1000 MG Injection",1707687,"vancomycin","n_missing_days_supply",136,10000,19,136,0,0,FALSE
"Eunomia",40221355,"vancomycin 1000 MG Injection",1707687,"vancomycin","n_missing_sig",136,10000,19,0,136,1,FALSE
"Eunomia",40221355,"vancomycin 1000 MG Injection",1707687,"vancomycin","n_missing_route_concept_id",136,10000,19,0,136,1,FALSE
"Eunomia",40221355,"vancomycin 1000 MG Injection",1707687,"vancomycin","n_missing_drug_source_value",136,10000,19,136,0,0,FALSE
"Eunomia",40221355,"vancomycin 1000 MG Injection",1707687,"vancomycin","n_missing_drug_source_concept_id",136,10000,19,136,0,0,FALSE
"Eunomia",40221355,"vancomycin 1000 MG Injection",1707687,"vancomycin","n_missing_route_source_value",136,10000,19,0,136,1,FALSE
"Eunomia",40221355,"vancomycin 1000 MG Injection",1707687,"vancomycin","n_missing_dose_unit_source_value",136,10000,19,0,136,1,FALSE
