"database_id","ingredient","ingredient_concept_id","n_records","n_patients","proportion_of_records_by_drug_type","proportion_of_records_by_route_type","proportion_of_records_with_dose_form","missing_quantity_exp_start_end_days_supply","n_dose_and_missingness","median_daily_dose_q05_q95","median_quantity_q05_q95","median_drug_exposure_days_q05_q95","proportion_of_records_with_negative_drug_exposure_days","result_obscured"
"GOLD_100k","azithromycin",1734104,5332,1319,"EHR prescription (4304, 100%)","Oral route (4287, 99.6%);Ocular route (17, 0.4%)","5332 (100%)","0 (0%), 0 (0%), 0 (0%), 0 (0%)","5332 (30, 0.6%)","214.2857 (85.7143-6000) [milligram]","12 (3-60)","28 (1-56)","0 (0%)",FALSE
"GOLD_100k","ciprofloxacin",1797513,13345,7143,"EHR prescription (5462, 100%)","Otic route (191, 3.5%);Oral route (4851, 88.8%);Ocular route (420, 7.7%)","13345 (100%)","0 (0%), 0 (0%), 0 (0%), 0 (0%)","13345 (NA, NA%)","1000 (15-2800) [milligram]","14 (5-60)","5 (3-28)","0 (0%)",FALSE
"GOLD_100k","clarithromycin",1750500,22193,11701,"EHR prescription (10000, 100%)","Oral route (10000, 100%)","22193 (100%)","0 (0%), 0 (0%), 0 (0%), 0 (0%)","c(22193, 274) (c(NA, 274), c(NA, 100)%)","c(1000, NA) (c(250, NA)-c(1000, NA)) [milligram//missing]","14 (10-70)","7 (5-10)","0 (0%)",FALSE
"GOLD_100k","erythromycin",1746940,39643,18873,"EHR prescription (10000, 100%)","Oral route (7629, 76.3%);Cutaneous route (2371, 23.7%)","39116 (98.7%)","0 (0%), 0 (0%), 0 (0%), 0 (0%)","39643 (50, 0.1%)","1000 (42.8571-4000) [milligram//missing]","30 (20-140)","7 (5-30)","0 (0%)",FALSE
"GOLD_100k","fosfomycin",956653,430,195,"EHR prescription (422, 100%)","Oral route (422, 100%)","430 (100%)","0 (0%), 0 (0%), 0 (0%), 0 (0%)","430 (0, 0%)","3000 (3000-6000) [milligram]","1 (1-2)","1 (1-1)","0 (0%)",FALSE
"GOLD_100k","lymecycline",19092353,9489,1868,"EHR prescription (7445, 100%)","Oral route (7445, 100%)","9489 (100%)","0 (0%), 0 (0%), 0 (0%), 0 (0%)","9489 (0, 0%)","408 (408-408) [milligram]","56 (28-84)","56 (28-84)","0 (0%)",FALSE
"GOLD_100k","ofloxacin",923081,995,675,"EHR prescription (447, 100%)","Oral route (341, 76.3%);Ocular route (106, 23.7%)","995 (100%)","0 (0%), 0 (0%), 0 (0%), 0 (0%)","995 (0, 0%)","400 (0.5357-800) [milligram]","28 (5-56)","14 (3-28)","0 (0%)",FALSE
"GOLD_100k","oxytetracycline",925952,18925,6246,"EHR prescription (6933, 100%)","Oral route (3843, 55.4%);Topical route (69, 1%);Cutaneous route (3021, 43.6%)","18909 (99.9%)","0 (0%), 0 (0%), 0 (0%), 0 (0%)","18925 (334, 1.8%)","500 (0.0321-1785.7143) [milligram//missing]","56 (28-224)","28 (7-56)","0 (0%)",FALSE
"GOLD_100k","rifampin",1763204,695,201,"EHR prescription (262, 100%)","Oral route (262, 100%)","695 (100%)","0 (0%), 0 (0%), 0 (0%), 0 (0%)","695 (NA, NA%)","600 (150-8500) [milligram//missing]","60 (20-850)","28 (2-56)","0 (0%)",FALSE
