"database_id","ingredient_concept_id","ingredient","drug_type_concept_id","drug_type","n_records","n_sample","n_person","proportion_records","result_obscured"
"GOLD_100k",1734104,"azithromycin",32838,"EHR prescription",4304,10000,3.41893426922143e-321,1,FALSE
"GOLD_100k",1797513,"ciprofloxacin",32838,"EHR prescription",5462,10000,1.34781108185492e-320,1,FALSE
"GOLD_100k",1750500,"clarithromycin",32838,"EHR prescription",10000,10000,2.65609691204254e-320,1,FALSE
"GOLD_100k",1746940,"erythromycin",32838,"EHR prescription",10000,10000,2.27121977393221e-320,1,FALSE
"GOLD_100k",956653,"fosfomycin",32838,"EHR prescription",422,10000,9.28843414181544e-322,1,FALSE
"GOLD_100k",19092353,"lymecycline",32838,"EHR prescription",7445,10000,7.00091020157046e-321,1,FALSE
"GOLD_100k",923081,"ofloxacin",32838,"EHR prescription",447,10000,1.57112875377516e-321,1,FALSE
"GOLD_100k",925952,"oxytetracycline",32838,"EHR prescription",6933,10000,1.12399934428884e-320,1,FALSE
"GOLD_100k",1763204,"rifampin",32838,"EHR prescription",262,10000,2.81617418129511e-322,1,FALSE
