"database_id","drug_concept_id","drug","ingredient_concept_id","ingredient","minimum_verbatim_end_date","maximum_verbatim_end_date","n_records","n_sample","n_person","n_missing_verbatim_end_date","n_not_missing_verbatim_end_date","n_verbatim_end_date_equal_to_drug_exposure_end_date","n_verbatim_end_date_and_drug_exposure_end_date_differ","proportion_missing_verbatim_end_date","proportion_not_missing_verbatim_end_date","proportion_verbatim_end_date_equal_to_drug_exposure_end_date","proportion_verbatim_end_date_and_drug_exposure_end_date_differ","result_obscured"
"GOLD_100k",1734107,"azithromycin 250 MG Oral Capsule",1734104,"azithromycin",NA,NA,967,10000,1.11658835960122e-321,967,0,0,0,0.224674721189591,0,0,0,FALSE
"GOLD_100k",1734108,"azithromycin 40 MG/ML Oral Suspension",1734104,"azithromycin",NA,NA,721,10000,5.03946958758071e-322,721,0,0,0,0.167518587360595,0,0,0,FALSE
"GOLD_100k",1734134,"azithromycin 500 MG Oral Tablet",1734104,"azithromycin",NA,NA,1021,10000,1.25986739689518e-321,1021,0,0,0,0.237221189591078,0,0,0,FALSE
"GOLD_100k",19073777,"azithromycin 250 MG Oral Tablet",1734104,"azithromycin",NA,NA,1491,10000,8.00386346262819e-322,1491,0,0,0,0.346421933085502,0,0,0,FALSE
"GOLD_100k",21074770,"Azithromycin 250 MG Oral Capsule [Zithromax] by Pfizer",1734104,"azithromycin",NA,NA,35,10000,6.91691904177745e-323,35,0,0,0,0.00813197026022305,0,0,0,FALSE
"GOLD_100k",21094196,"Azithromycin 40 MG/ML Oral Suspension [Zithromax] by Pfizer",1734104,"azithromycin",NA,NA,45,10000,3.95252516672997e-323,45,0,0,0,0.0104553903345725,0,0,0,FALSE
"GOLD_100k",21163119,"Azithromycin 250 MG Oral Tablet by TEVA",1734104,"azithromycin",NA,NA,NA,NA,NA,NA,NA,NA,NA,NA,NA,NA,NA,TRUE
"GOLD_100k",36896651,"250 MG Azithromycin 0.015 MG/MG Ophthalmic Solution",1734104,"azithromycin",NA,NA,13,10000,2.96439387504748e-323,13,0,0,0,0.00302044609665428,0,0,0,FALSE
"GOLD_100k",43615617,"250 MG Azithromycin 0.015 MG/MG Ophthalmic Solution [Azyter] by Thea",1734104,"azithromycin",NA,NA,NA,NA,NA,NA,NA,NA,NA,NA,NA,NA,NA,TRUE
"GOLD_100k",1797515,"ciprofloxacin 250 MG Oral Tablet",1797513,"ciprofloxacin",NA,NA,1361,10000,3.54245068068174e-321,1361,0,0,0,0.249176125961186,0,0,0,FALSE
"GOLD_100k",1797516,"ciprofloxacin 750 MG Oral Tablet",1797513,"ciprofloxacin",NA,NA,88,10000,2.07507571253324e-322,88,0,0,0,0.0161113145367997,0,0,0,FALSE
"GOLD_100k",19021637,"ciprofloxacin 100 MG Oral Tablet",1797513,"ciprofloxacin",NA,NA,27,10000,1.08694442085074e-322,27,0,0,0,0.00494324423288173,0,0,0,FALSE
"GOLD_100k",19075377,"ciprofloxacin 0.003 MG/MG Ophthalmic Ointment",1797513,"ciprofloxacin",NA,NA,14,10000,5.43472210425371e-323,14,0,0,0,0.00256316367630904,0,0,0,FALSE
"GOLD_100k",19075378,"ciprofloxacin 3 MG/ML Ophthalmic Solution",1797513,"ciprofloxacin",NA,NA,376,10000,1.15611361126852e-321,376,0,0,0,0.0688392530208715,0,0,0,FALSE
"GOLD_100k",19075379,"ciprofloxacin 50 MG/ML Oral Suspension",1797513,"ciprofloxacin",NA,NA,126,10000,2.51973479379036e-322,126,0,0,0,0.0230684730867814,0,0,0,FALSE
"GOLD_100k",19075380,"ciprofloxacin 500 MG Oral Tablet",1797513,"ciprofloxacin",NA,NA,3212,10000,8.77460587014054e-321,3212,0,0,0,0.588062980593189,0,0,0,FALSE
"GOLD_100k",21062121,"Ciprofloxacin 500 MG Oral Tablet [Ciproxin] by Bayer",1797513,"ciprofloxacin",NA,NA,19,10000,7.90505033345994e-323,19,0,0,0,0.00347857927499085,0,0,0,FALSE
"GOLD_100k",21111217,"Ciprofloxacin 50 MG/ML Oral Suspension [Ciproxin] by Bayer",1797513,"ciprofloxacin",NA,NA,6,10000,2.96439387504748e-323,6,0,0,0,0.00109849871841816,0,0,0,FALSE
"GOLD_100k",21120876,"Ciprofloxacin 3 MG/ML Otic Solution",1797513,"ciprofloxacin",NA,NA,NA,NA,NA,NA,NA,NA,NA,NA,NA,NA,NA,TRUE
"GOLD_100k",21140601,"Ciprofloxacin 250 MG Oral Tablet [Ciproxin] by Bayer",1797513,"ciprofloxacin",NA,NA,12,10000,5.43472210425371e-323,12,0,0,0,0.00219699743683632,0,0,0,FALSE
"GOLD_100k",36063774,"ciprofloxacin 3 MG/ML / dexamethasone 1 MG/ML Otic Solution [Cilodex] by Consilient",1797513,"ciprofloxacin",NA,NA,20,10000,7.4109846876187e-323,20,0,0,0,0.00366166239472721,0,0,0,FALSE
"GOLD_100k",36808530,"0.25 ML Ciprofloxacin 3 MG/ML / fluocinolone 0.25 MG/ML Otic Solution",1797513,"ciprofloxacin",NA,NA,NA,NA,NA,NA,NA,NA,NA,NA,NA,NA,NA,TRUE
"GOLD_100k",36808533,"0.25 ML Ciprofloxacin 3 MG/ML / fluocinolone 0.25 MG/ML Otic Solution [CETRAXAL PLUS] by Aspire",1797513,"ciprofloxacin",NA,NA,NA,NA,NA,NA,NA,NA,NA,NA,NA,NA,NA,TRUE
"GOLD_100k",40719628,"0.25 ML Ciprofloxacin 2 MG/ML Otic Solution [Cetraxal] by Aspire",1797513,"ciprofloxacin",NA,NA,6,10000,2.47032822920623e-323,6,0,0,0,0.00109849871841816,0,0,0,FALSE
"GOLD_100k",40719630,"0.25 ML Ciprofloxacin 2 MG/ML Otic Solution",1797513,"ciprofloxacin",NA,NA,47,10000,1.63041663127611e-322,47,0,0,0,0.00860490662760893,0,0,0,FALSE
"GOLD_100k",40737701,"Ciprofloxacin 3 MG/ML Ophthalmic Solution [Ciloxan] by Novartis",1797513,"ciprofloxacin",NA,NA,30,10000,1.18575755001899e-322,30,0,0,0,0.00549249359209081,0,0,0,FALSE
"GOLD_100k",42479124,"Ciprofloxacin 3 MG/ML / Dexamethasone 1 MG/ML Otic Solution",1797513,"ciprofloxacin",NA,NA,109,10000,3.95252516672997e-322,109,0,0,0,0.0199560600512633,0,0,0,FALSE
"GOLD_100k",1750501,"clarithromycin 250 MG Oral Tablet",1750500,"clarithromycin",NA,NA,2155,10000,6.78846197385873e-321,2155,0,0,0,0.2155,0,0,0,FALSE
"GOLD_100k",1750562,"clarithromycin 500 MG Oral Tablet",1750500,"clarithromycin",NA,NA,6533,10000,1.85867495965477e-320,6533,0,0,0,0.6533,0,0,0,FALSE
"GOLD_100k",1750569,"clarithromycin 500 MG Extended Release Oral Tablet",1750500,"clarithromycin",NA,NA,137,10000,3.8043054729776e-322,137,0,0,0,0.0137,0,0,0,FALSE
"GOLD_100k",19058072,"clarithromycin 25 MG/ML Oral Suspension",1750500,"clarithromycin",NA,NA,685,10000,2.22329540628561e-321,685,0,0,0,0.0685,0,0,0,FALSE
"GOLD_100k",19075422,"clarithromycin 50 MG/ML Oral Suspension",1750500,"clarithromycin",NA,NA,458,10000,1.3883244648139e-321,458,0,0,0,0.0458,0,0,0,FALSE
"GOLD_100k",35886405,"clarithromycin 500 MG Extended Release Oral Tablet [Klaricid] by Mylan",1750500,"clarithromycin",NA,NA,12,10000,5.43472210425371e-323,12,0,0,0,0.0012,0,0,0,FALSE
"GOLD_100k",40743412,"Clarithromycin 250 MG Oral Granules",1750500,"clarithromycin",NA,NA,9,10000,3.95252516672997e-323,9,0,0,0,9e-04,0,0,0,FALSE
"GOLD_100k",40743460,"Clarithromycin 50 MG/ML Oral Suspension [Klaricid] by Mylan",1750500,"clarithromycin",NA,NA,NA,NA,NA,NA,NA,NA,NA,NA,NA,NA,NA,TRUE
"GOLD_100k",40744016,"Clarithromycin 25 MG/ML Oral Suspension [Klaricid] by Mylan",1750500,"clarithromycin",NA,NA,NA,NA,NA,NA,NA,NA,NA,NA,NA,NA,NA,TRUE
"GOLD_100k",40744031,"Clarithromycin 250 MG Oral Granules [Klaricid] by Mylan",1750500,"clarithromycin",NA,NA,NA,NA,NA,NA,NA,NA,NA,NA,NA,NA,NA,TRUE
"GOLD_100k",1747204,"erythromycin 25 MG/ML Oral Suspension",1746940,"erythromycin",NA,NA,837,10000,2.83593680712876e-321,837,0,0,0,0.0837,0,0,0,FALSE
"GOLD_100k",1747294,"erythromycin 100 MG/ML Oral Suspension",1746940,"erythromycin",NA,NA,49,10000,1.28457067918724e-322,49,0,0,0,0.0049,0,0,0,FALSE
"GOLD_100k",1747355,"erythromycin estolate 50 MG/ML Oral Suspension",1746940,"erythromycin",NA,NA,927,10000,2.78158958608622e-321,927,0,0,0,0.0927,0,0,0,FALSE
"GOLD_100k",1747396,"erythromycin stearate 250 MG Oral Tablet",1746940,"erythromycin",NA,NA,91,10000,3.4090529563046e-322,91,0,0,0,0.0091,0,0,0,FALSE
"GOLD_100k",1747454,"erythromycin stearate 250 MG Delayed Release Oral Tablet",1746940,"erythromycin",NA,NA,4896,10000,1.2672783815828e-320,4896,0,0,0,0.4896,0,0,0,FALSE
"GOLD_100k",19008692,"erythromycin 40 MG/ML / zinc acetate 12 MG/ML Topical Solution",1746940,"erythromycin",NA,NA,608,10000,1.04741916918344e-321,608,0,0,0,0.0608,0,0,0,FALSE
"GOLD_100k",19063438,"erythromycin 0.04 MG/MG Topical Gel",1746940,"erythromycin",NA,NA,NA,NA,NA,NA,NA,NA,NA,NA,NA,NA,NA,TRUE
"GOLD_100k",19076957,"erythromycin 250 MG Delayed Release Oral Capsule",1746940,"erythromycin",NA,NA,317,10000,1.1116477031428e-321,317,0,0,0,0.0317,0,0,0,FALSE
"GOLD_100k",19076960,"erythromycin 500 MG Delayed Release Oral Tablet",1746940,"erythromycin",NA,NA,NA,NA,NA,NA,NA,NA,NA,NA,NA,NA,NA,TRUE
"GOLD_100k",19082703,"erythromycin 20 MG/ML Topical Solution",1746940,"erythromycin",NA,NA,59,10000,1.38338380835549e-322,59,0,0,0,0.0059,0,0,0,FALSE
"GOLD_100k",19101783,"erythromycin 40 MG/ML / tretinoin 0.25 MG/ML Topical Solution",1746940,"erythromycin",NA,NA,10,10000,3.95252516672997e-323,10,0,0,0,0.001,0,0,0,FALSE
"GOLD_100k",19125430,"erythromycin stearate 500 MG Oral Tablet",1746940,"erythromycin",NA,NA,394,10000,1.41302774710597e-321,394,0,0,0,0.0394,0,0,0,FALSE
"GOLD_100k",21022613,"Erythromycin 40 MG/ML / Tretinoin 0.25 MG/ML Topical Solution [Aknemycin] by Almirall",1746940,"erythromycin",NA,NA,9,10000,2.96439387504748e-323,9,0,0,0,9e-04,0,0,0,FALSE
"GOLD_100k",21032338,"Erythromycin 500 MG Oral Tablet [Erythrolar] by Ennogen",1746940,"erythromycin",NA,NA,NA,NA,NA,NA,NA,NA,NA,NA,NA,NA,NA,TRUE
"GOLD_100k",21052046,"Erythromycin 500 MG Oral Tablet [Erythrocin] by AMCo",1746940,"erythromycin",NA,NA,18,10000,8.39911597930119e-323,18,0,0,0,0.0018,0,0,0,FALSE
"GOLD_100k",21061866,"Erythromycin 0.02 MG/MG / Isotretinoin 0.0005 MG/MG Vaginal Gel",1746940,"erythromycin",NA,NA,24,10000,7.4109846876187e-323,24,0,0,0,0.0024,0,0,0,FALSE
"GOLD_100k",21071769,"Erythromycin 250 MG Oral Tablet [Erythrocin] by AMCo",1746940,"erythromycin",NA,NA,23,10000,1.03753785626662e-322,23,0,0,0,0.0023,0,0,0,FALSE
"GOLD_100k",21101106,"Erythromycin 500 MG Oral Tablet [Erythroped A] by AMCo",1746940,"erythromycin",NA,NA,18,10000,7.4109846876187e-323,18,0,0,0,0.0018,0,0,0,FALSE
"GOLD_100k",21110969,"Erythromycin 250 MG Delayed Release Oral Tablet by TEVA",1746940,"erythromycin",NA,NA,NA,NA,NA,NA,NA,NA,NA,NA,NA,NA,NA,TRUE
"GOLD_100k",21150206,"Erythromycin 250 MG Oral Tablet [Erythrolar] by Ennogen",1746940,"erythromycin",NA,NA,NA,NA,NA,NA,NA,NA,NA,NA,NA,NA,NA,TRUE
"GOLD_100k",21160132,"Erythromycin 20 MG/ML Topical Solution [Stiemycin] by Stiefel",1746940,"erythromycin",NA,NA,16,10000,5.43472210425371e-323,16,0,0,0,0.0016,0,0,0,FALSE
"GOLD_100k",21160136,"Erythromycin 250 MG Delayed Release Oral Capsule [Erymax] by TEVA",1746940,"erythromycin",NA,NA,20,10000,7.4109846876187e-323,20,0,0,0,0.002,0,0,0,FALSE
"GOLD_100k",36119169,"erythromycin 40 MG/ML / zinc acetate 12 MG/ML Topical Solution [Zineryt] by Neon Healthcare",1746940,"erythromycin",NA,NA,1607,10000,2.455506259831e-321,1607,0,0,0,0.1607,0,0,0,FALSE
"GOLD_100k",40726397,"Erythromycin 50 MG/ML Oral Suspension [Erythroped] by AMCo",1746940,"erythromycin",NA,NA,17,10000,6.91691904177745e-323,17,0,0,0,0.0017,0,0,0,FALSE
"GOLD_100k",40726400,"Erythromycin 25 MG/ML Oral Suspension [Erythroped] by AMCo",1746940,"erythromycin",NA,NA,15,10000,5.43472210425371e-323,15,0,0,0,0.0015,0,0,0,FALSE
"GOLD_100k",40754297,"Erythromycin 0.02 MG/MG / Isotretinoin 0.0005 MG/MG Topical Gel [Isotrexin] by Stiefel",1746940,"erythromycin",NA,NA,36,10000,9.38724727098368e-323,36,0,0,0,0.0036,0,0,0,FALSE
"GOLD_100k",36057597,"fosfomycin 3000 MG Oral Granules [Monuril] by Profile",956653,"fosfomycin",NA,NA,10,10000,2.47032822920623e-323,10,0,0,0,0.023696682464455,0,0,0,FALSE
"GOLD_100k",43151267,"Fosfomycin 3000 MG Granules for Oral Solution",956653,"fosfomycin",NA,NA,412,10000,9.18962101264719e-322,412,0,0,0,0.976303317535545,0,0,0,FALSE
"GOLD_100k",19006595,"lymecycline 408 MG Oral Capsule",19092353,"lymecycline",NA,NA,7019,10000,6.81316525615079e-321,7019,0,0,0,0.94278038952317,0,0,0,FALSE
"GOLD_100k",21123581,"Lymecycline 408 MG Oral Capsule [Tetralysal] by Galderma",19092353,"lymecycline",NA,NA,426,10000,3.4090529563046e-322,426,0,0,0,0.0572196104768301,0,0,0,FALSE
"GOLD_100k",19019415,"ofloxacin 200 MG Oral Tablet",923081,"ofloxacin",NA,NA,155,10000,5.73116149175846e-322,155,0,0,0,0.34675615212528,0,0,0,FALSE
"GOLD_100k",19019417,"ofloxacin 400 MG Oral Tablet",923081,"ofloxacin",NA,NA,183,10000,6.66988621885683e-322,183,0,0,0,0.409395973154362,0,0,0,FALSE
"GOLD_100k",19079151,"ofloxacin 3 MG/ML Ophthalmic Solution",923081,"ofloxacin",NA,NA,92,10000,3.55727265005698e-322,92,0,0,0,0.205816554809843,0,0,0,FALSE
"GOLD_100k",21084501,"Ofloxacin 400 MG Oral Tablet [Tarivid] by Sanofi",923081,"ofloxacin",NA,NA,NA,NA,NA,NA,NA,NA,NA,NA,NA,NA,NA,TRUE
"GOLD_100k",21084506,"Ofloxacin 3 MG/ML Ophthalmic Solution [Exocin] by Allergan",923081,"ofloxacin",NA,NA,14,10000,5.43472210425371e-323,14,0,0,0,0.0313199105145414,0,0,0,FALSE
"GOLD_100k",21094224,"Ofloxacin 200 MG Oral Tablet [Tarivid] by Sanofi",923081,"ofloxacin",NA,NA,NA,NA,NA,NA,NA,NA,NA,NA,NA,NA,NA,TRUE
"GOLD_100k",19061668,"hydrocortisone 0.01 MG/MG / oxytetracycline 0.03 MG/MG Topical Ointment",925952,"oxytetracycline",NA,NA,NA,NA,NA,NA,NA,NA,NA,NA,NA,NA,NA,TRUE
"GOLD_100k",19079186,"oxytetracycline 250 MG Oral Tablet",925952,"oxytetracycline",NA,NA,3843,10000,4.29343046236043e-321,3843,0,0,0,0.554305495456512,0,0,0,FALSE
"GOLD_100k",21169879,"Hydrocortisone 0.01 MG/MG / Oxytetracycline 0.03 MG/MG Topical Ointment [Terra-Cortril] by Intrapharm",925952,"oxytetracycline",NA,NA,23,10000,8.39911597930119e-323,23,0,0,0,0.0033174671859224,0,0,0,FALSE
"GOLD_100k",36406497,"Clobetasone / Nystatin / Oxytetracycline Topical Cream",925952,"oxytetracycline",NA,NA,69,10000,1.82804288961261e-322,69,0,0,0,0.0099524015577672,0,0,0,FALSE
"GOLD_100k",40741420,"Clobetasone 0.0005 MG/MG / Nystatin 100 UNT/MG / Oxytetracycline 0.03 MG/MG Topical Cream [Trimovate] by Ennogen",925952,"oxytetracycline",NA,NA,2974,10000,6.96138494990316e-321,2974,0,0,0,0.42896293091014,0,0,0,FALSE
"GOLD_100k",40741422,"Clobetasone 0.0005 MG/MG / Nystatin 100 UNT/MG / Oxytetracycline 0.03 MG/MG Topical Cream",925952,"oxytetracycline",NA,NA,21,10000,8.89318162514244e-323,21,0,0,0,0.00302899177845089,0,0,0,FALSE
"GOLD_100k",1763256,"rifampin 20 MG/ML Oral Suspension",1763204,"rifampin",NA,NA,NA,NA,NA,NA,NA,NA,NA,NA,NA,NA,NA,TRUE
"GOLD_100k",1782544,"isoniazid 150 MG / rifampin 300 MG Oral Tablet",1763204,"rifampin",NA,NA,NA,NA,NA,NA,NA,NA,NA,NA,NA,NA,NA,TRUE
"GOLD_100k",19019700,"rifampin 150 MG Oral Capsule",1763204,"rifampin",NA,NA,15,10000,4.44659081257122e-323,15,0,0,0,0.0572519083969466,0,0,0,FALSE
"GOLD_100k",19019811,"rifampin 300 MG Oral Capsule",1763204,"rifampin",NA,NA,167,10000,1.97626258336499e-322,167,0,0,0,0.637404580152672,0,0,0,FALSE
"GOLD_100k",21073515,"isoniazid 150 MG / Rifampin 300 MG Oral Tablet [Rifinah] by Sanofi",1763204,"rifampin",NA,NA,16,10000,4.44659081257122e-323,16,0,0,0,0.0610687022900763,0,0,0,FALSE
"GOLD_100k",44076024,"isoniazid 50 MG / Pyrazinamide 300 MG / Rifampin 120 MG Oral Tablet [Rifater] by Sanofi",1763204,"rifampin",NA,NA,NA,NA,NA,NA,NA,NA,NA,NA,NA,NA,NA,TRUE
