"database_id","ingredient_concept_id","ingredient","route_concept_id","route_type","n_records","n_sample","n_person","proportion_records","result_obscured"
"GOLD_100k",1734104,"azithromycin",4132161,"Oral route",4287,10000,3.38434967401254e-321,0,FALSE
"GOLD_100k",1734104,"azithromycin",40549429,"Ocular route",17,10000,3.45845952088873e-323,0,FALSE
"GOLD_100k",1797513,"ciprofloxacin",4023156,"Otic route",191,10000,6.71929278344095e-322,0,FALSE
"GOLD_100k",1797513,"ciprofloxacin",4132161,"Oral route",4851,10000,1.18279315614394e-320,0,FALSE
"GOLD_100k",1797513,"ciprofloxacin",40549429,"Ocular route",420,10000,1.3092739614793e-321,0,FALSE
"GOLD_100k",1750500,"clarithromycin",4132161,"Oral route",10000,10000,2.65609691204254e-320,1,FALSE
"GOLD_100k",1746940,"erythromycin",4132161,"Oral route",7629,10000,1.9812032398234e-320,0,FALSE
"GOLD_100k",1746940,"erythromycin",40490507,"Cutaneous route",2371,10000,3.66596709214205e-321,0,FALSE
"GOLD_100k",956653,"fosfomycin",4132161,"Oral route",422,10000,9.28843414181544e-322,1,FALSE
"GOLD_100k",19092353,"lymecycline",4132161,"Oral route",7445,10000,7.00091020157046e-321,1,FALSE
"GOLD_100k",923081,"ofloxacin",4132161,"Oral route",341,10000,1.17587623710217e-321,0,FALSE
"GOLD_100k",923081,"ofloxacin",40549429,"Ocular route",106,10000,4.05133829589822e-322,0,FALSE
"GOLD_100k",925952,"oxytetracycline",4132161,"Oral route",3843,10000,4.29343046236043e-321,0,FALSE
"GOLD_100k",925952,"oxytetracycline",4263689,"Topical route",69,10000,1.82804288961261e-322,0,FALSE
"GOLD_100k",925952,"oxytetracycline",40490507,"Cutaneous route",3021,10000,7.0947826742803e-321,0,FALSE
"GOLD_100k",1763204,"rifampin",4132161,"Oral route",262,10000,2.81617418129511e-322,1,FALSE
