"database_id","ingredient_concept_id","ingredient","n_records","n_sample","n_person","minimum_drug_exposure_days_supply","q05_drug_exposure_days_supply","q10_drug_exposure_days_supply","q25_drug_exposure_days_supply","median_drug_exposure_days_supply","q75_drug_exposure_days_supply","q90_drug_exposure_days_supply","q95_drug_exposure_days_supply","maximum_drug_exposure_days_supply","n_different_days_supply_and_drug_dates","n_days_supply_match_drug_dates","n_missing_days_supply","proportion_different_days_supply_and_drug_dates","proportion_days_supply_match_drug_dates","proportion_missing_days_supply","result_obscured"
"GOLD_100k",1734104,"azithromycin",4304,10000,692,1,1,1,3,28,28,56,56,336,4304,0,0,1,0,0,FALSE
"GOLD_100k",1797513,"ciprofloxacin",5462,10000,2728,1,3,5,5,5,7,8,28,60,5462,0,0,1,0,0,FALSE
"GOLD_100k",1750500,"clarithromycin",10000,10000,5376,1,5,7,7,7,7,7,10,84,10000,0,0,1,0,0,FALSE
"GOLD_100k",1746940,"erythromycin",10000,10000,4597,1,5,5,7,7,28,28,30,168,10000,0,0,1,0,0,FALSE
"GOLD_100k",956653,"fosfomycin",422,10000,188,1,1,1,1,1,1,1,1,3,422,0,0,1,0,0,FALSE
"GOLD_100k",19092353,"lymecycline",7445,10000,1417,7,28,28,28,56,56,56,84,90,7445,0,0,1,0,0,FALSE
"GOLD_100k",923081,"ofloxacin",447,10000,318,2,3,6,10,14,28,28,28,56,447,0,0,1,0,0,FALSE
"GOLD_100k",925952,"oxytetracycline",6933,10000,2275,5,7,7,15,28,28,56,56,112,6933,0,0,1,0,0,FALSE
"GOLD_100k",1763204,"rifampin",262,10000,57,2,2,2,6,28,30,56,56,84,262,0,0,1,0,0,FALSE
