"database_id","drug_concept_id","drug","ingredient_concept_id","ingredient","n_records","n_sample","n_person","minimum_drug_exposure_quantity","q05_drug_exposure_quantity","q10_drug_exposure_quantity","q25_drug_exposure_quantity","median_drug_exposure_quantity","q75_drug_exposure_quantity","q90_drug_exposure_quantity","q95_drug_exposure_quantity","maximum_drug_exposure_quantity","result_obscured"
"GOLD_100k",1734107,"azithromycin 250 MG Oral Capsule",1734104,"azithromycin",967,10000,226,0,4,4,10,12,24,28,28,56,FALSE
"GOLD_100k",1734108,"azithromycin 40 MG/ML Oral Suspension",1734104,"azithromycin",721,10000,102,8,15,15,30,30,60,75,150,450,FALSE
"GOLD_100k",1734134,"azithromycin 500 MG Oral Tablet",1734104,"azithromycin",1021,10000,255,0,2,2,4,12,24,30,56,168,FALSE
"GOLD_100k",19073777,"azithromycin 250 MG Oral Tablet",1734104,"azithromycin",1491,10000,162,3,3,3,12,12,24,28,28,112,FALSE
"GOLD_100k",21074770,"Azithromycin 250 MG Oral Capsule [Zithromax] by Pfizer",1734104,"azithromycin",35,10000,14,4,4,4.8,6,24,28,28,28,28,FALSE
"GOLD_100k",21094196,"Azithromycin 40 MG/ML Oral Suspension [Zithromax] by Pfizer",1734104,"azithromycin",45,10000,8,15,15,15,60,150,300,300,300,300,FALSE
"GOLD_100k",21163119,"Azithromycin 250 MG Oral Tablet by TEVA",1734104,"azithromycin",NA,NA,NA,NA,NA,NA,NA,NA,NA,NA,NA,NA,TRUE
"GOLD_100k",36896651,"250 MG Azithromycin 0.015 MG/MG Ophthalmic Solution",1734104,"azithromycin",13,10000,6,6,6,6,6,10,10,16.4,22.8,30,FALSE
"GOLD_100k",43615617,"250 MG Azithromycin 0.015 MG/MG Ophthalmic Solution [Azyter] by Thea",1734104,"azithromycin",NA,NA,NA,NA,NA,NA,NA,NA,NA,NA,NA,NA,TRUE
"GOLD_100k",1797515,"ciprofloxacin 250 MG Oral Tablet",1797513,"ciprofloxacin",1361,10000,717,1,10,10,10,14,28,56,60,112,FALSE
"GOLD_100k",1797516,"ciprofloxacin 750 MG Oral Tablet",1797513,"ciprofloxacin",88,10000,42,1,4.1,10,14,28,28,32.2,51.0999999999999,60,FALSE
"GOLD_100k",19021637,"ciprofloxacin 100 MG Oral Tablet",1797513,"ciprofloxacin",27,10000,22,6,6,6,7,14,28,28,28,30,FALSE
"GOLD_100k",19075377,"ciprofloxacin 0.003 MG/MG Ophthalmic Ointment",1797513,"ciprofloxacin",14,10000,11,4,4,4,4,4,4,4,5.05,7,FALSE
"GOLD_100k",19075378,"ciprofloxacin 3 MG/ML Ophthalmic Solution",1797513,"ciprofloxacin",376,10000,234,5,5,5,5,5,5,5,10,20,FALSE
"GOLD_100k",19075379,"ciprofloxacin 50 MG/ML Oral Suspension",1797513,"ciprofloxacin",126,10000,51,5,100,100,100,100,200,560,560,800,FALSE
"GOLD_100k",19075380,"ciprofloxacin 500 MG Oral Tablet",1797513,"ciprofloxacin",3212,10000,1776,1,10,10,10,14,20,28,56,160,FALSE
"GOLD_100k",21062121,"Ciprofloxacin 500 MG Oral Tablet [Ciproxin] by Bayer",1797513,"ciprofloxacin",19,10000,16,10,10,10,10,14,14,21.6,28,28,FALSE
"GOLD_100k",21111217,"Ciprofloxacin 50 MG/ML Oral Suspension [Ciproxin] by Bayer",1797513,"ciprofloxacin",6,10000,6,100,100,100,100,100,100,150,175,200,FALSE
"GOLD_100k",21120876,"Ciprofloxacin 3 MG/ML Otic Solution",1797513,"ciprofloxacin",NA,NA,NA,NA,NA,NA,NA,NA,NA,NA,NA,NA,TRUE
"GOLD_100k",21140601,"Ciprofloxacin 250 MG Oral Tablet [Ciproxin] by Bayer",1797513,"ciprofloxacin",12,10000,11,10,10,10,10,12,28,28,40.6,56,FALSE
"GOLD_100k",36063774,"ciprofloxacin 3 MG/ML / dexamethasone 1 MG/ML Otic Solution [Cilodex] by Consilient",1797513,"ciprofloxacin",20,10000,15,5,5,5,5,5,5,5.50000000000001,10,10,FALSE
"GOLD_100k",36808530,"0.25 ML Ciprofloxacin 3 MG/ML / fluocinolone 0.25 MG/ML Otic Solution",1797513,"ciprofloxacin",NA,NA,NA,NA,NA,NA,NA,NA,NA,NA,NA,NA,TRUE
"GOLD_100k",36808533,"0.25 ML Ciprofloxacin 3 MG/ML / fluocinolone 0.25 MG/ML Otic Solution [CETRAXAL PLUS] by Aspire",1797513,"ciprofloxacin",NA,NA,NA,NA,NA,NA,NA,NA,NA,NA,NA,NA,TRUE
"GOLD_100k",40719628,"0.25 ML Ciprofloxacin 2 MG/ML Otic Solution [Cetraxal] by Aspire",1797513,"ciprofloxacin",6,10000,5,15,15,15,15,15,15,15,15,15,FALSE
"GOLD_100k",40719630,"0.25 ML Ciprofloxacin 2 MG/ML Otic Solution",1797513,"ciprofloxacin",47,10000,33,15,15,15,15,15,15,15,15,30,FALSE
"GOLD_100k",40737701,"Ciprofloxacin 3 MG/ML Ophthalmic Solution [Ciloxan] by Novartis",1797513,"ciprofloxacin",30,10000,24,5,5,5,5,5,5,10,10,10,FALSE
"GOLD_100k",42479124,"Ciprofloxacin 3 MG/ML / Dexamethasone 1 MG/ML Otic Solution",1797513,"ciprofloxacin",109,10000,80,5,5,5,5,5,5,10,10,20,FALSE
"GOLD_100k",1750501,"clarithromycin 250 MG Oral Tablet",1750500,"clarithromycin",2155,10000,1374,1,14,14,14,14,14,28,56,500,FALSE
"GOLD_100k",1750562,"clarithromycin 500 MG Oral Tablet",1750500,"clarithromycin",6533,10000,3762,1,10,14,14,14,14,14,20,168,FALSE
"GOLD_100k",1750569,"clarithromycin 500 MG Extended Release Oral Tablet",1750500,"clarithromycin",137,10000,77,5,7,7,7,7,14,14,16.7999999999998,30,FALSE
"GOLD_100k",19058072,"clarithromycin 25 MG/ML Oral Suspension",1750500,"clarithromycin",685,10000,450,20,70,70,70,70,70,140,140,280,FALSE
"GOLD_100k",19075422,"clarithromycin 50 MG/ML Oral Suspension",1750500,"clarithromycin",458,10000,281,10,70,70,70,70,140,140,140,1440,FALSE
"GOLD_100k",35886405,"clarithromycin 500 MG Extended Release Oral Tablet [Klaricid] by Mylan",1750500,"clarithromycin",12,10000,11,7,7,7,7,7,7,7,10.15,14,FALSE
"GOLD_100k",40743412,"Clarithromycin 250 MG Oral Granules",1750500,"clarithromycin",9,10000,8,14,14,14,14,14,14,16.8,22.4,28,FALSE
"GOLD_100k",40743460,"Clarithromycin 50 MG/ML Oral Suspension [Klaricid] by Mylan",1750500,"clarithromycin",NA,NA,NA,NA,NA,NA,NA,NA,NA,NA,NA,NA,TRUE
"GOLD_100k",40744016,"Clarithromycin 25 MG/ML Oral Suspension [Klaricid] by Mylan",1750500,"clarithromycin",NA,NA,NA,NA,NA,NA,NA,NA,NA,NA,NA,NA,TRUE
"GOLD_100k",40744031,"Clarithromycin 250 MG Oral Granules [Klaricid] by Mylan",1750500,"clarithromycin",NA,NA,NA,NA,NA,NA,NA,NA,NA,NA,NA,NA,TRUE
"GOLD_100k",1747204,"erythromycin 25 MG/ML Oral Suspension",1746940,"erythromycin",837,10000,574,20,100,100,100,100,140,140,200,600,FALSE
"GOLD_100k",1747294,"erythromycin 100 MG/ML Oral Suspension",1746940,"erythromycin",49,10000,26,100,100,100,100,100,200,300,300,300,FALSE
"GOLD_100k",1747355,"erythromycin estolate 50 MG/ML Oral Suspension",1746940,"erythromycin",927,10000,563,20,100,100,100,140,140,200,400,1000,FALSE
"GOLD_100k",1747396,"erythromycin stearate 250 MG Oral Tablet",1746940,"erythromycin",91,10000,69,20,20,28,28,28,56,84,112,1028,FALSE
"GOLD_100k",1747454,"erythromycin stearate 250 MG Delayed Release Oral Tablet",1746940,"erythromycin",4896,10000,2565,8,20,28,28,28,56,112,112,500,FALSE
"GOLD_100k",19008692,"erythromycin 40 MG/ML / zinc acetate 12 MG/ML Topical Solution",1746940,"erythromycin",608,10000,212,25,30,30,30,30,90,90,90,90,FALSE
"GOLD_100k",19063438,"erythromycin 0.04 MG/MG Topical Gel",1746940,"erythromycin",NA,NA,NA,NA,NA,NA,NA,NA,NA,NA,NA,NA,TRUE
"GOLD_100k",19076957,"erythromycin 250 MG Delayed Release Oral Capsule",1746940,"erythromycin",317,10000,225,12,28,28,28,28,42,56,112,224,FALSE
"GOLD_100k",19076960,"erythromycin 500 MG Delayed Release Oral Tablet",1746940,"erythromycin",NA,NA,NA,NA,NA,NA,NA,NA,NA,NA,NA,NA,TRUE
"GOLD_100k",19082703,"erythromycin 20 MG/ML Topical Solution",1746940,"erythromycin",59,10000,28,50,50,50,50,50,50,50,50,90,FALSE
"GOLD_100k",19101783,"erythromycin 40 MG/ML / tretinoin 0.25 MG/ML Topical Solution",1746940,"erythromycin",10,10000,8,25,25,25,25,25,25,25,25,25,FALSE
"GOLD_100k",19125430,"erythromycin stearate 500 MG Oral Tablet",1746940,"erythromycin",394,10000,286,12,20,28,28,28,28,56,112,224,FALSE
"GOLD_100k",21022613,"Erythromycin 40 MG/ML / Tretinoin 0.25 MG/ML Topical Solution [Aknemycin] by Almirall",1746940,"erythromycin",9,10000,6,25,25,25,25,25,25,35,55,75,FALSE
"GOLD_100k",21032338,"Erythromycin 500 MG Oral Tablet [Erythrolar] by Ennogen",1746940,"erythromycin",NA,NA,NA,NA,NA,NA,NA,NA,NA,NA,NA,NA,TRUE
"GOLD_100k",21052046,"Erythromycin 500 MG Oral Tablet [Erythrocin] by AMCo",1746940,"erythromycin",18,10000,17,28,28,28,28,28,28,56,62.5999999999999,100,FALSE
"GOLD_100k",21061866,"Erythromycin 0.02 MG/MG / Isotretinoin 0.0005 MG/MG Vaginal Gel",1746940,"erythromycin",24,10000,15,30,30,30,30,30,60,90,90,90,FALSE
"GOLD_100k",21071769,"Erythromycin 250 MG Oral Tablet [Erythrocin] by AMCo",1746940,"erythromycin",23,10000,21,28,28,28,28,28,28,52.8,95.5999999999999,100,FALSE
"GOLD_100k",21101106,"Erythromycin 500 MG Oral Tablet [Erythroped A] by AMCo",1746940,"erythromycin",18,10000,15,28,28,28,28,28,28,56,56,56,FALSE
"GOLD_100k",21110969,"Erythromycin 250 MG Delayed Release Oral Tablet by TEVA",1746940,"erythromycin",NA,NA,NA,NA,NA,NA,NA,NA,NA,NA,NA,NA,TRUE
"GOLD_100k",21150206,"Erythromycin 250 MG Oral Tablet [Erythrolar] by Ennogen",1746940,"erythromycin",NA,NA,NA,NA,NA,NA,NA,NA,NA,NA,NA,NA,TRUE
"GOLD_100k",21160132,"Erythromycin 20 MG/ML Topical Solution [Stiemycin] by Stiefel",1746940,"erythromycin",16,10000,11,30,45,50,50,50,50,75,100,100,FALSE
"GOLD_100k",21160136,"Erythromycin 250 MG Delayed Release Oral Capsule [Erymax] by TEVA",1746940,"erythromycin",20,10000,15,28,28,28,28,28,91,240,240,240,FALSE
"GOLD_100k",36119169,"erythromycin 40 MG/ML / zinc acetate 12 MG/ML Topical Solution [Zineryt] by Neon Healthcare",1746940,"erythromycin",1607,10000,497,1,30,30,30,30,90,90,90,180,FALSE
"GOLD_100k",40726397,"Erythromycin 50 MG/ML Oral Suspension [Erythroped] by AMCo",1746940,"erythromycin",17,10000,14,140,140,140,140,140,140,140,140,140,FALSE
"GOLD_100k",40726400,"Erythromycin 25 MG/ML Oral Suspension [Erythroped] by AMCo",1746940,"erythromycin",15,10000,11,140,140,140,140,140,140,140,140,140,FALSE
"GOLD_100k",40754297,"Erythromycin 0.02 MG/MG / Isotretinoin 0.0005 MG/MG Topical Gel [Isotrexin] by Stiefel",1746940,"erythromycin",36,10000,19,30,30,30,30,30,60,60,75,120,FALSE
"GOLD_100k",36057597,"fosfomycin 3000 MG Oral Granules [Monuril] by Profile",956653,"fosfomycin",10,10000,5,1,1,1,1,1,1,1.1,1.55,2,FALSE
"GOLD_100k",43151267,"Fosfomycin 3000 MG Granules for Oral Solution",956653,"fosfomycin",412,10000,186,1,1,1,1,1,2,2,2,10,FALSE
"GOLD_100k",19006595,"lymecycline 408 MG Oral Capsule",19092353,"lymecycline",7019,10000,1379,2,28,28,28,56,56,56,84,168,FALSE
"GOLD_100k",21123581,"Lymecycline 408 MG Oral Capsule [Tetralysal] by Galderma",19092353,"lymecycline",426,10000,69,5,28,28,28,28,56,56,84,112,FALSE
"GOLD_100k",19019415,"ofloxacin 200 MG Oral Tablet",923081,"ofloxacin",155,10000,116,10,14,14,28,28,42,56,56,60,FALSE
"GOLD_100k",19019417,"ofloxacin 400 MG Oral Tablet",923081,"ofloxacin",183,10000,135,1,6,7,14,28,28,28,30,56,FALSE
"GOLD_100k",19079151,"ofloxacin 3 MG/ML Ophthalmic Solution",923081,"ofloxacin",92,10000,72,5,5,5,5,5,5,10,10,10,FALSE
"GOLD_100k",21084501,"Ofloxacin 400 MG Oral Tablet [Tarivid] by Sanofi",923081,"ofloxacin",NA,NA,NA,NA,NA,NA,NA,NA,NA,NA,NA,NA,TRUE
"GOLD_100k",21084506,"Ofloxacin 3 MG/ML Ophthalmic Solution [Exocin] by Allergan",923081,"ofloxacin",14,10000,11,5,5,5,5,5,5,5,5,5,FALSE
"GOLD_100k",21094224,"Ofloxacin 200 MG Oral Tablet [Tarivid] by Sanofi",923081,"ofloxacin",NA,NA,NA,NA,NA,NA,NA,NA,NA,NA,NA,NA,TRUE
"GOLD_100k",19061668,"hydrocortisone 0.01 MG/MG / oxytetracycline 0.03 MG/MG Topical Ointment",925952,"oxytetracycline",NA,NA,NA,NA,NA,NA,NA,NA,NA,NA,NA,NA,TRUE
"GOLD_100k",19079186,"oxytetracycline 250 MG Oral Tablet",925952,"oxytetracycline",3843,10000,869,0,28,28,56,112,112,224,224,336,FALSE
"GOLD_100k",21169879,"Hydrocortisone 0.01 MG/MG / Oxytetracycline 0.03 MG/MG Topical Ointment [Terra-Cortril] by Intrapharm",925952,"oxytetracycline",23,10000,17,30,30,30,30,30,30,54,87,90,FALSE
"GOLD_100k",36406497,"Clobetasone / Nystatin / Oxytetracycline Topical Cream",925952,"oxytetracycline",69,10000,37,30,30,30,30,30,30,60,60,120,FALSE
"GOLD_100k",40741420,"Clobetasone 0.0005 MG/MG / Nystatin 100 UNT/MG / Oxytetracycline 0.03 MG/MG Topical Cream [Trimovate] by Ennogen",925952,"oxytetracycline",2974,10000,1409,1,30,30,30,30,30,60,60,160,FALSE
"GOLD_100k",40741422,"Clobetasone 0.0005 MG/MG / Nystatin 100 UNT/MG / Oxytetracycline 0.03 MG/MG Topical Cream",925952,"oxytetracycline",21,10000,18,30,30,30,30,30,30,30,60,60,FALSE
"GOLD_100k",1763256,"rifampin 20 MG/ML Oral Suspension",1763204,"rifampin",NA,NA,NA,NA,NA,NA,NA,NA,NA,NA,NA,NA,TRUE
"GOLD_100k",1782544,"isoniazid 150 MG / rifampin 300 MG Oral Tablet",1763204,"rifampin",NA,NA,NA,NA,NA,NA,NA,NA,NA,NA,NA,NA,TRUE
"GOLD_100k",19019700,"rifampin 150 MG Oral Capsule",1763204,"rifampin",15,10000,9,20,25.6,28,43,56,72,107.2,145.6,224,FALSE
"GOLD_100k",19019811,"rifampin 300 MG Oral Capsule",1763204,"rifampin",167,10000,40,8,14,28,56,56,60,112,112,224,FALSE
"GOLD_100k",21073515,"isoniazid 150 MG / Rifampin 300 MG Oral Tablet [Rifinah] by Sanofi",1763204,"rifampin",16,10000,9,28,28,42,56,112,112,168,168,168,FALSE
"GOLD_100k",44076024,"isoniazid 50 MG / Pyrazinamide 300 MG / Rifampin 120 MG Oral Tablet [Rifater] by Sanofi",1763204,"rifampin",NA,NA,NA,NA,NA,NA,NA,NA,NA,NA,NA,NA,TRUE
