"database_id","ingredient_concept_id","ingredient","n_records","n_sample","n_person","n_non_negative_days","n_negative_days","proportion_negative_days","minimum_drug_exposure_days","q05_drug_exposure_days","q10_drug_exposure_days","q25_drug_exposure_days","median_drug_exposure_days","q75_drug_exposure_days","q90_drug_exposure_days","q95_drug_exposure_days","maximum_drug_exposure_days","result_obscured"
"GOLD_100k",1734104,"azithromycin",4304,10000,692,4304,0,0,1,1,1,3,28,28,56,56,336,FALSE
"GOLD_100k",1797513,"ciprofloxacin",5462,10000,2728,5462,0,0,1,3,5,5,5,7,8,28,60,FALSE
"GOLD_100k",1750500,"clarithromycin",10000,10000,5376,10000,0,0,1,5,7,7,7,7,7,10,84,FALSE
"GOLD_100k",1746940,"erythromycin",10000,10000,4597,10000,0,0,1,5,5,7,7,28,28,30,168,FALSE
"GOLD_100k",956653,"fosfomycin",422,10000,188,422,0,0,1,1,1,1,1,1,1,1,3,FALSE
"GOLD_100k",19092353,"lymecycline",7445,10000,1417,7445,0,0,7,28,28,28,56,56,56,84,90,FALSE
"GOLD_100k",923081,"ofloxacin",447,10000,318,447,0,0,2,3,6,10,14,28,28,28,56,FALSE
"GOLD_100k",925952,"oxytetracycline",6933,10000,2275,6933,0,0,5,7,7,15,28,28,56,56,112,FALSE
"GOLD_100k",1763204,"rifampin",262,10000,57,262,0,0,2,2,2,6,28,30,56,56,84,FALSE
