"database_id","ingredient_concept_id","ingredient","minimum_verbatim_end_date","maximum_verbatim_end_date","n_records","n_sample","n_person","n_missing_verbatim_end_date","n_not_missing_verbatim_end_date","n_verbatim_end_date_equal_to_drug_exposure_end_date","n_verbatim_end_date_and_drug_exposure_end_date_differ","proportion_missing_verbatim_end_date","proportion_not_missing_verbatim_end_date","proportion_verbatim_end_date_equal_to_drug_exposure_end_date","proportion_verbatim_end_date_and_drug_exposure_end_date_differ","result_obscured"
"GOLD_100k",1734104,"azithromycin",NA,NA,4304,10000,3.41893426922143e-321,4304,0,0,0,1,0,0,0,FALSE
"GOLD_100k",1797513,"ciprofloxacin",NA,NA,5462,10000,1.34781108185492e-320,5462,0,0,0,1,0,0,0,FALSE
"GOLD_100k",1750500,"clarithromycin",NA,NA,10000,10000,2.65609691204254e-320,10000,0,0,0,1,0,0,0,FALSE
"GOLD_100k",1746940,"erythromycin",NA,NA,10000,10000,2.27121977393221e-320,10000,0,0,0,1,0,0,0,FALSE
"GOLD_100k",956653,"fosfomycin",NA,NA,422,10000,9.28843414181544e-322,422,0,0,0,1,0,0,0,FALSE
"GOLD_100k",19092353,"lymecycline",NA,NA,7445,10000,7.00091020157046e-321,7445,0,0,0,1,0,0,0,FALSE
"GOLD_100k",923081,"ofloxacin",NA,NA,447,10000,1.57112875377516e-321,447,0,0,0,1,0,0,0,FALSE
"GOLD_100k",925952,"oxytetracycline",NA,NA,6933,10000,1.12399934428884e-320,6933,0,0,0,1,0,0,0,FALSE
"GOLD_100k",1763204,"rifampin",NA,NA,262,10000,2.81617418129511e-322,262,0,0,0,1,0,0,0,FALSE
