"database_id","ingredient_concept_id","ingredient","n_records","n_sample","n_person","minimum_drug_exposure_quantity","q05_drug_exposure_quantity","q10_drug_exposure_quantity","q25_drug_exposure_quantity","median_drug_exposure_quantity","q75_drug_exposure_quantity","q90_drug_exposure_quantity","q95_drug_exposure_quantity","maximum_drug_exposure_quantity","result_obscured"
"GOLD_100k",1734104,"azithromycin",4304,10000,692,0,3,3,12,12,28,56,60,450,FALSE
"GOLD_100k",1797513,"ciprofloxacin",5462,10000,2728,1,5,5,10,14,20,40,60,800,FALSE
"GOLD_100k",1750500,"clarithromycin",10000,10000,5376,1,10,14,14,14,14,70,70,1440,FALSE
"GOLD_100k",1746940,"erythromycin",10000,10000,4597,1,20,28,28,30,100,140,140,1028,FALSE
"GOLD_100k",956653,"fosfomycin",422,10000,188,1,1,1,1,1,2,2,2,10,FALSE
"GOLD_100k",19092353,"lymecycline",7445,10000,1417,2,28,28,28,56,56,56,84,168,FALSE
"GOLD_100k",923081,"ofloxacin",447,10000,318,1,5,5,7,28,28,42,56,60,FALSE
"GOLD_100k",925952,"oxytetracycline",6933,10000,2275,0,28,28,30,56,112,112,224,336,FALSE
"GOLD_100k",1763204,"rifampin",262,10000,57,8,20,28,56,60,120,400,850,850,FALSE
