"database_id","drug_concept_id","drug","ingredient_concept_id","ingredient","drug_type_concept_id","drug_type","n_records","n_sample","n_person","proportion_records","result_obscured"
"GOLD_100k",43615617,"250 MG Azithromycin 0.015 MG/MG Ophthalmic Solution [Azyter] by Thea",1734104,"azithromycin",NA,NA,NA,NA,NA,NA,TRUE
"GOLD_100k",36896651,"250 MG Azithromycin 0.015 MG/MG Ophthalmic Solution",1734104,"azithromycin",32838,"EHR prescription",13,10000,2.96439387504748e-323,0,FALSE
"GOLD_100k",21163119,"Azithromycin 250 MG Oral Tablet by TEVA",1734104,"azithromycin",NA,NA,NA,NA,NA,NA,TRUE
"GOLD_100k",21094196,"Azithromycin 40 MG/ML Oral Suspension [Zithromax] by Pfizer",1734104,"azithromycin",32838,"EHR prescription",45,10000,3.95252516672997e-323,0,FALSE
"GOLD_100k",21074770,"Azithromycin 250 MG Oral Capsule [Zithromax] by Pfizer",1734104,"azithromycin",32838,"EHR prescription",35,10000,6.91691904177745e-323,0,FALSE
"GOLD_100k",19073777,"azithromycin 250 MG Oral Tablet",1734104,"azithromycin",32838,"EHR prescription",1491,10000,8.00386346262819e-322,0,FALSE
"GOLD_100k",1734134,"azithromycin 500 MG Oral Tablet",1734104,"azithromycin",32838,"EHR prescription",1021,10000,1.25986739689518e-321,0,FALSE
"GOLD_100k",1734108,"azithromycin 40 MG/ML Oral Suspension",1734104,"azithromycin",32838,"EHR prescription",721,10000,5.03946958758071e-322,0,FALSE
"GOLD_100k",1734107,"azithromycin 250 MG Oral Capsule",1734104,"azithromycin",32838,"EHR prescription",967,10000,1.11658835960122e-321,0,FALSE
"GOLD_100k",42479124,"Ciprofloxacin 3 MG/ML / Dexamethasone 1 MG/ML Otic Solution",1797513,"ciprofloxacin",32838,"EHR prescription",109,10000,3.95252516672997e-322,0,FALSE
"GOLD_100k",40737701,"Ciprofloxacin 3 MG/ML Ophthalmic Solution [Ciloxan] by Novartis",1797513,"ciprofloxacin",32838,"EHR prescription",30,10000,1.18575755001899e-322,0,FALSE
"GOLD_100k",40719630,"0.25 ML Ciprofloxacin 2 MG/ML Otic Solution",1797513,"ciprofloxacin",32838,"EHR prescription",47,10000,1.63041663127611e-322,0,FALSE
"GOLD_100k",40719628,"0.25 ML Ciprofloxacin 2 MG/ML Otic Solution [Cetraxal] by Aspire",1797513,"ciprofloxacin",32838,"EHR prescription",6,10000,2.47032822920623e-323,0,FALSE
"GOLD_100k",36808533,"0.25 ML Ciprofloxacin 3 MG/ML / fluocinolone 0.25 MG/ML Otic Solution [CETRAXAL PLUS] by Aspire",1797513,"ciprofloxacin",NA,NA,NA,NA,NA,NA,TRUE
"GOLD_100k",36808530,"0.25 ML Ciprofloxacin 3 MG/ML / fluocinolone 0.25 MG/ML Otic Solution",1797513,"ciprofloxacin",NA,NA,NA,NA,NA,NA,TRUE
"GOLD_100k",36063774,"ciprofloxacin 3 MG/ML / dexamethasone 1 MG/ML Otic Solution [Cilodex] by Consilient",1797513,"ciprofloxacin",32838,"EHR prescription",20,10000,7.4109846876187e-323,0,FALSE
"GOLD_100k",21140601,"Ciprofloxacin 250 MG Oral Tablet [Ciproxin] by Bayer",1797513,"ciprofloxacin",32838,"EHR prescription",12,10000,5.43472210425371e-323,0,FALSE
"GOLD_100k",21120876,"Ciprofloxacin 3 MG/ML Otic Solution",1797513,"ciprofloxacin",NA,NA,NA,NA,NA,NA,TRUE
"GOLD_100k",21111217,"Ciprofloxacin 50 MG/ML Oral Suspension [Ciproxin] by Bayer",1797513,"ciprofloxacin",32838,"EHR prescription",6,10000,2.96439387504748e-323,0,FALSE
"GOLD_100k",21062121,"Ciprofloxacin 500 MG Oral Tablet [Ciproxin] by Bayer",1797513,"ciprofloxacin",32838,"EHR prescription",19,10000,7.90505033345994e-323,0,FALSE
"GOLD_100k",19075380,"ciprofloxacin 500 MG Oral Tablet",1797513,"ciprofloxacin",32838,"EHR prescription",3212,10000,8.77460587014054e-321,0,FALSE
"GOLD_100k",19075379,"ciprofloxacin 50 MG/ML Oral Suspension",1797513,"ciprofloxacin",32838,"EHR prescription",126,10000,2.51973479379036e-322,0,FALSE
"GOLD_100k",19075378,"ciprofloxacin 3 MG/ML Ophthalmic Solution",1797513,"ciprofloxacin",32838,"EHR prescription",376,10000,1.15611361126852e-321,0,FALSE
"GOLD_100k",19075377,"ciprofloxacin 0.003 MG/MG Ophthalmic Ointment",1797513,"ciprofloxacin",32838,"EHR prescription",14,10000,5.43472210425371e-323,0,FALSE
"GOLD_100k",19021637,"ciprofloxacin 100 MG Oral Tablet",1797513,"ciprofloxacin",32838,"EHR prescription",27,10000,1.08694442085074e-322,0,FALSE
"GOLD_100k",1797516,"ciprofloxacin 750 MG Oral Tablet",1797513,"ciprofloxacin",32838,"EHR prescription",88,10000,2.07507571253324e-322,0,FALSE
"GOLD_100k",1797515,"ciprofloxacin 250 MG Oral Tablet",1797513,"ciprofloxacin",32838,"EHR prescription",1361,10000,3.54245068068174e-321,0,FALSE
"GOLD_100k",40744031,"Clarithromycin 250 MG Oral Granules [Klaricid] by Mylan",1750500,"clarithromycin",NA,NA,NA,NA,NA,NA,TRUE
"GOLD_100k",40744016,"Clarithromycin 25 MG/ML Oral Suspension [Klaricid] by Mylan",1750500,"clarithromycin",NA,NA,NA,NA,NA,NA,TRUE
"GOLD_100k",40743460,"Clarithromycin 50 MG/ML Oral Suspension [Klaricid] by Mylan",1750500,"clarithromycin",NA,NA,NA,NA,NA,NA,TRUE
"GOLD_100k",40743412,"Clarithromycin 250 MG Oral Granules",1750500,"clarithromycin",32838,"EHR prescription",9,10000,3.95252516672997e-323,0,FALSE
"GOLD_100k",35886405,"clarithromycin 500 MG Extended Release Oral Tablet [Klaricid] by Mylan",1750500,"clarithromycin",32838,"EHR prescription",12,10000,5.43472210425371e-323,0,FALSE
"GOLD_100k",19075422,"clarithromycin 50 MG/ML Oral Suspension",1750500,"clarithromycin",32838,"EHR prescription",458,10000,1.3883244648139e-321,0,FALSE
"GOLD_100k",19058072,"clarithromycin 25 MG/ML Oral Suspension",1750500,"clarithromycin",32838,"EHR prescription",685,10000,2.22329540628561e-321,0,FALSE
"GOLD_100k",1750569,"clarithromycin 500 MG Extended Release Oral Tablet",1750500,"clarithromycin",32838,"EHR prescription",137,10000,3.8043054729776e-322,0,FALSE
"GOLD_100k",1750562,"clarithromycin 500 MG Oral Tablet",1750500,"clarithromycin",32838,"EHR prescription",6533,10000,1.85867495965477e-320,0,FALSE
"GOLD_100k",1750501,"clarithromycin 250 MG Oral Tablet",1750500,"clarithromycin",32838,"EHR prescription",2155,10000,6.78846197385873e-321,0,FALSE
"GOLD_100k",1747204,"erythromycin 25 MG/ML Oral Suspension",1746940,"erythromycin",32838,"EHR prescription",837,10000,2.83593680712876e-321,0,FALSE
"GOLD_100k",1747294,"erythromycin 100 MG/ML Oral Suspension",1746940,"erythromycin",32838,"EHR prescription",49,10000,1.28457067918724e-322,0,FALSE
"GOLD_100k",1747355,"erythromycin estolate 50 MG/ML Oral Suspension",1746940,"erythromycin",32838,"EHR prescription",927,10000,2.78158958608622e-321,0,FALSE
"GOLD_100k",1747396,"erythromycin stearate 250 MG Oral Tablet",1746940,"erythromycin",32838,"EHR prescription",91,10000,3.4090529563046e-322,0,FALSE
"GOLD_100k",1747454,"erythromycin stearate 250 MG Delayed Release Oral Tablet",1746940,"erythromycin",32838,"EHR prescription",4896,10000,1.2672783815828e-320,0,FALSE
"GOLD_100k",19008692,"erythromycin 40 MG/ML / zinc acetate 12 MG/ML Topical Solution",1746940,"erythromycin",32838,"EHR prescription",608,10000,1.04741916918344e-321,0,FALSE
"GOLD_100k",19063438,"erythromycin 0.04 MG/MG Topical Gel",1746940,"erythromycin",NA,NA,NA,NA,NA,NA,TRUE
"GOLD_100k",19076957,"erythromycin 250 MG Delayed Release Oral Capsule",1746940,"erythromycin",32838,"EHR prescription",317,10000,1.1116477031428e-321,0,FALSE
"GOLD_100k",19076960,"erythromycin 500 MG Delayed Release Oral Tablet",1746940,"erythromycin",NA,NA,NA,NA,NA,NA,TRUE
"GOLD_100k",19082703,"erythromycin 20 MG/ML Topical Solution",1746940,"erythromycin",32838,"EHR prescription",59,10000,1.38338380835549e-322,0,FALSE
"GOLD_100k",19101783,"erythromycin 40 MG/ML / tretinoin 0.25 MG/ML Topical Solution",1746940,"erythromycin",32838,"EHR prescription",10,10000,3.95252516672997e-323,0,FALSE
"GOLD_100k",19125430,"erythromycin stearate 500 MG Oral Tablet",1746940,"erythromycin",32838,"EHR prescription",394,10000,1.41302774710597e-321,0,FALSE
"GOLD_100k",21022613,"Erythromycin 40 MG/ML / Tretinoin 0.25 MG/ML Topical Solution [Aknemycin] by Almirall",1746940,"erythromycin",32838,"EHR prescription",9,10000,2.96439387504748e-323,0,FALSE
"GOLD_100k",21032338,"Erythromycin 500 MG Oral Tablet [Erythrolar] by Ennogen",1746940,"erythromycin",NA,NA,NA,NA,NA,NA,TRUE
"GOLD_100k",21052046,"Erythromycin 500 MG Oral Tablet [Erythrocin] by AMCo",1746940,"erythromycin",32838,"EHR prescription",18,10000,8.39911597930119e-323,0,FALSE
"GOLD_100k",21061866,"Erythromycin 0.02 MG/MG / Isotretinoin 0.0005 MG/MG Vaginal Gel",1746940,"erythromycin",32838,"EHR prescription",24,10000,7.4109846876187e-323,0,FALSE
"GOLD_100k",21071769,"Erythromycin 250 MG Oral Tablet [Erythrocin] by AMCo",1746940,"erythromycin",32838,"EHR prescription",23,10000,1.03753785626662e-322,0,FALSE
"GOLD_100k",21101106,"Erythromycin 500 MG Oral Tablet [Erythroped A] by AMCo",1746940,"erythromycin",32838,"EHR prescription",18,10000,7.4109846876187e-323,0,FALSE
"GOLD_100k",21110969,"Erythromycin 250 MG Delayed Release Oral Tablet by TEVA",1746940,"erythromycin",NA,NA,NA,NA,NA,NA,TRUE
"GOLD_100k",21150206,"Erythromycin 250 MG Oral Tablet [Erythrolar] by Ennogen",1746940,"erythromycin",NA,NA,NA,NA,NA,NA,TRUE
"GOLD_100k",21160132,"Erythromycin 20 MG/ML Topical Solution [Stiemycin] by Stiefel",1746940,"erythromycin",32838,"EHR prescription",16,10000,5.43472210425371e-323,0,FALSE
"GOLD_100k",21160136,"Erythromycin 250 MG Delayed Release Oral Capsule [Erymax] by TEVA",1746940,"erythromycin",32838,"EHR prescription",20,10000,7.4109846876187e-323,0,FALSE
"GOLD_100k",36119169,"erythromycin 40 MG/ML / zinc acetate 12 MG/ML Topical Solution [Zineryt] by Neon Healthcare",1746940,"erythromycin",32838,"EHR prescription",1607,10000,2.455506259831e-321,0,FALSE
"GOLD_100k",40726397,"Erythromycin 50 MG/ML Oral Suspension [Erythroped] by AMCo",1746940,"erythromycin",32838,"EHR prescription",17,10000,6.91691904177745e-323,0,FALSE
"GOLD_100k",40726400,"Erythromycin 25 MG/ML Oral Suspension [Erythroped] by AMCo",1746940,"erythromycin",32838,"EHR prescription",15,10000,5.43472210425371e-323,0,FALSE
"GOLD_100k",40754297,"Erythromycin 0.02 MG/MG / Isotretinoin 0.0005 MG/MG Topical Gel [Isotrexin] by Stiefel",1746940,"erythromycin",32838,"EHR prescription",36,10000,9.38724727098368e-323,0,FALSE
"GOLD_100k",43151267,"Fosfomycin 3000 MG Granules for Oral Solution",956653,"fosfomycin",32838,"EHR prescription",412,10000,9.18962101264719e-322,0,FALSE
"GOLD_100k",36057597,"fosfomycin 3000 MG Oral Granules [Monuril] by Profile",956653,"fosfomycin",32838,"EHR prescription",10,10000,2.47032822920623e-323,0,FALSE
"GOLD_100k",21123581,"Lymecycline 408 MG Oral Capsule [Tetralysal] by Galderma",19092353,"lymecycline",32838,"EHR prescription",426,10000,3.4090529563046e-322,0,FALSE
"GOLD_100k",19006595,"lymecycline 408 MG Oral Capsule",19092353,"lymecycline",32838,"EHR prescription",7019,10000,6.81316525615079e-321,0,FALSE
"GOLD_100k",21094224,"Ofloxacin 200 MG Oral Tablet [Tarivid] by Sanofi",923081,"ofloxacin",NA,NA,NA,NA,NA,NA,TRUE
"GOLD_100k",21084506,"Ofloxacin 3 MG/ML Ophthalmic Solution [Exocin] by Allergan",923081,"ofloxacin",32838,"EHR prescription",14,10000,5.43472210425371e-323,0,FALSE
"GOLD_100k",21084501,"Ofloxacin 400 MG Oral Tablet [Tarivid] by Sanofi",923081,"ofloxacin",NA,NA,NA,NA,NA,NA,TRUE
"GOLD_100k",19079151,"ofloxacin 3 MG/ML Ophthalmic Solution",923081,"ofloxacin",32838,"EHR prescription",92,10000,3.55727265005698e-322,0,FALSE
"GOLD_100k",19019417,"ofloxacin 400 MG Oral Tablet",923081,"ofloxacin",32838,"EHR prescription",183,10000,6.66988621885683e-322,0,FALSE
"GOLD_100k",19019415,"ofloxacin 200 MG Oral Tablet",923081,"ofloxacin",32838,"EHR prescription",155,10000,5.73116149175846e-322,0,FALSE
"GOLD_100k",40741422,"Clobetasone 0.0005 MG/MG / Nystatin 100 UNT/MG / Oxytetracycline 0.03 MG/MG Topical Cream",925952,"oxytetracycline",32838,"EHR prescription",21,10000,8.89318162514244e-323,0,FALSE
"GOLD_100k",40741420,"Clobetasone 0.0005 MG/MG / Nystatin 100 UNT/MG / Oxytetracycline 0.03 MG/MG Topical Cream [Trimovate] by Ennogen",925952,"oxytetracycline",32838,"EHR prescription",2974,10000,6.96138494990316e-321,0,FALSE
"GOLD_100k",36406497,"Clobetasone / Nystatin / Oxytetracycline Topical Cream",925952,"oxytetracycline",32838,"EHR prescription",69,10000,1.82804288961261e-322,0,FALSE
"GOLD_100k",21169879,"Hydrocortisone 0.01 MG/MG / Oxytetracycline 0.03 MG/MG Topical Ointment [Terra-Cortril] by Intrapharm",925952,"oxytetracycline",32838,"EHR prescription",23,10000,8.39911597930119e-323,0,FALSE
"GOLD_100k",19079186,"oxytetracycline 250 MG Oral Tablet",925952,"oxytetracycline",32838,"EHR prescription",3843,10000,4.29343046236043e-321,0,FALSE
"GOLD_100k",19061668,"hydrocortisone 0.01 MG/MG / oxytetracycline 0.03 MG/MG Topical Ointment",925952,"oxytetracycline",NA,NA,NA,NA,NA,NA,TRUE
"GOLD_100k",44076024,"isoniazid 50 MG / Pyrazinamide 300 MG / Rifampin 120 MG Oral Tablet [Rifater] by Sanofi",1763204,"rifampin",NA,NA,NA,NA,NA,NA,TRUE
"GOLD_100k",21073515,"isoniazid 150 MG / Rifampin 300 MG Oral Tablet [Rifinah] by Sanofi",1763204,"rifampin",32838,"EHR prescription",16,10000,4.44659081257122e-323,0,FALSE
"GOLD_100k",19019811,"rifampin 300 MG Oral Capsule",1763204,"rifampin",32838,"EHR prescription",167,10000,1.97626258336499e-322,0,FALSE
"GOLD_100k",19019700,"rifampin 150 MG Oral Capsule",1763204,"rifampin",32838,"EHR prescription",15,10000,4.44659081257122e-323,0,FALSE
"GOLD_100k",1782544,"isoniazid 150 MG / rifampin 300 MG Oral Tablet",1763204,"rifampin",NA,NA,NA,NA,NA,NA,TRUE
"GOLD_100k",1763256,"rifampin 20 MG/ML Oral Suspension",1763204,"rifampin",NA,NA,NA,NA,NA,NA,TRUE
