"database_id","ingredient_concept_id","ingredient","variable","n_records","n_sample","n_person","n_records_not_missing_value","n_records_missing_value","proportion_records_missing_value","result_obscured"
"GOLD_100k",1734104,"azithromycin","n_missing_drug_exposure_id",4304,10000,3.41893426922143e-321,4304,0,0,FALSE
"GOLD_100k",1734104,"azithromycin","n_missing_person_id",4304,10000,3.41893426922143e-321,4304,0,0,FALSE
"GOLD_100k",1734104,"azithromycin","n_missing_drug_concept_id",4304,10000,3.41893426922143e-321,4304,0,0,FALSE
"GOLD_100k",1734104,"azithromycin","n_missing_drug_exposure_start_date",4304,10000,3.41893426922143e-321,4304,0,0,FALSE
"GOLD_100k",1734104,"azithromycin","n_missing_drug_exposure_end_date",4304,10000,3.41893426922143e-321,4304,0,0,FALSE
"GOLD_100k",1734104,"azithromycin","n_missing_verbatim_end_date",4304,10000,3.41893426922143e-321,0,4304,1,FALSE
"GOLD_100k",1734104,"azithromycin","n_missing_drug_type_concept_id",4304,10000,3.41893426922143e-321,4304,0,0,FALSE
"GOLD_100k",1734104,"azithromycin","n_missing_quantity",4304,10000,3.41893426922143e-321,4304,0,0,FALSE
"GOLD_100k",1734104,"azithromycin","n_missing_days_supply",4304,10000,3.41893426922143e-321,4304,0,0,FALSE
"GOLD_100k",1734104,"azithromycin","n_missing_sig",4304,10000,3.41893426922143e-321,4304,0,0,FALSE
"GOLD_100k",1734104,"azithromycin","n_missing_route_concept_id",4304,10000,3.41893426922143e-321,4304,0,0,FALSE
"GOLD_100k",1734104,"azithromycin","n_missing_drug_source_value",4304,10000,3.41893426922143e-321,4304,0,0,FALSE
"GOLD_100k",1734104,"azithromycin","n_missing_drug_source_concept_id",4304,10000,3.41893426922143e-321,4304,0,0,FALSE
"GOLD_100k",1734104,"azithromycin","n_missing_route_source_value",4304,10000,3.41893426922143e-321,4304,0,0,FALSE
"GOLD_100k",1734104,"azithromycin","n_missing_dose_unit_source_value",4304,10000,3.41893426922143e-321,0,4304,1,FALSE
"GOLD_100k",1797513,"ciprofloxacin","n_missing_drug_exposure_id",5462,10000,1.34781108185492e-320,5462,0,0,FALSE
"GOLD_100k",1797513,"ciprofloxacin","n_missing_person_id",5462,10000,1.34781108185492e-320,5462,0,0,FALSE
"GOLD_100k",1797513,"ciprofloxacin","n_missing_drug_concept_id",5462,10000,1.34781108185492e-320,5462,0,0,FALSE
"GOLD_100k",1797513,"ciprofloxacin","n_missing_drug_exposure_start_date",5462,10000,1.34781108185492e-320,5462,0,0,FALSE
"GOLD_100k",1797513,"ciprofloxacin","n_missing_drug_exposure_end_date",5462,10000,1.34781108185492e-320,5462,0,0,FALSE
"GOLD_100k",1797513,"ciprofloxacin","n_missing_verbatim_end_date",5462,10000,1.34781108185492e-320,0,5462,1,FALSE
"GOLD_100k",1797513,"ciprofloxacin","n_missing_drug_type_concept_id",5462,10000,1.34781108185492e-320,5462,0,0,FALSE
"GOLD_100k",1797513,"ciprofloxacin","n_missing_quantity",5462,10000,1.34781108185492e-320,5462,0,0,FALSE
"GOLD_100k",1797513,"ciprofloxacin","n_missing_days_supply",5462,10000,1.34781108185492e-320,5462,0,0,FALSE
"GOLD_100k",1797513,"ciprofloxacin","n_missing_sig",5462,10000,1.34781108185492e-320,5462,0,0,FALSE
"GOLD_100k",1797513,"ciprofloxacin","n_missing_route_concept_id",5462,10000,1.34781108185492e-320,5462,0,0,FALSE
"GOLD_100k",1797513,"ciprofloxacin","n_missing_drug_source_value",5462,10000,1.34781108185492e-320,5462,0,0,FALSE
"GOLD_100k",1797513,"ciprofloxacin","n_missing_drug_source_concept_id",5462,10000,1.34781108185492e-320,5462,0,0,FALSE
"GOLD_100k",1797513,"ciprofloxacin","n_missing_route_source_value",5462,10000,1.34781108185492e-320,5462,0,0,FALSE
"GOLD_100k",1797513,"ciprofloxacin","n_missing_dose_unit_source_value",5462,10000,1.34781108185492e-320,0,5462,1,FALSE
"GOLD_100k",1750500,"clarithromycin","n_missing_drug_exposure_id",10000,10000,2.65609691204254e-320,10000,0,0,FALSE
"GOLD_100k",1750500,"clarithromycin","n_missing_person_id",10000,10000,2.65609691204254e-320,10000,0,0,FALSE
"GOLD_100k",1750500,"clarithromycin","n_missing_drug_concept_id",10000,10000,2.65609691204254e-320,10000,0,0,FALSE
"GOLD_100k",1750500,"clarithromycin","n_missing_drug_exposure_start_date",10000,10000,2.65609691204254e-320,10000,0,0,FALSE
"GOLD_100k",1750500,"clarithromycin","n_missing_drug_exposure_end_date",10000,10000,2.65609691204254e-320,10000,0,0,FALSE
"GOLD_100k",1750500,"clarithromycin","n_missing_verbatim_end_date",10000,10000,2.65609691204254e-320,0,10000,1,FALSE
"GOLD_100k",1750500,"clarithromycin","n_missing_drug_type_concept_id",10000,10000,2.65609691204254e-320,10000,0,0,FALSE
"GOLD_100k",1750500,"clarithromycin","n_missing_quantity",10000,10000,2.65609691204254e-320,10000,0,0,FALSE
"GOLD_100k",1750500,"clarithromycin","n_missing_days_supply",10000,10000,2.65609691204254e-320,10000,0,0,FALSE
"GOLD_100k",1750500,"clarithromycin","n_missing_sig",10000,10000,2.65609691204254e-320,10000,0,0,FALSE
"GOLD_100k",1750500,"clarithromycin","n_missing_route_concept_id",10000,10000,2.65609691204254e-320,10000,0,0,FALSE
"GOLD_100k",1750500,"clarithromycin","n_missing_drug_source_value",10000,10000,2.65609691204254e-320,10000,0,0,FALSE
"GOLD_100k",1750500,"clarithromycin","n_missing_drug_source_concept_id",10000,10000,2.65609691204254e-320,10000,0,0,FALSE
"GOLD_100k",1750500,"clarithromycin","n_missing_route_source_value",10000,10000,2.65609691204254e-320,10000,0,0,FALSE
"GOLD_100k",1750500,"clarithromycin","n_missing_dose_unit_source_value",10000,10000,2.65609691204254e-320,0,10000,1,FALSE
"GOLD_100k",1746940,"erythromycin","n_missing_drug_exposure_id",10000,10000,2.27121977393221e-320,10000,0,0,FALSE
"GOLD_100k",1746940,"erythromycin","n_missing_person_id",10000,10000,2.27121977393221e-320,10000,0,0,FALSE
"GOLD_100k",1746940,"erythromycin","n_missing_drug_concept_id",10000,10000,2.27121977393221e-320,10000,0,0,FALSE
"GOLD_100k",1746940,"erythromycin","n_missing_drug_exposure_start_date",10000,10000,2.27121977393221e-320,10000,0,0,FALSE
"GOLD_100k",1746940,"erythromycin","n_missing_drug_exposure_end_date",10000,10000,2.27121977393221e-320,10000,0,0,FALSE
"GOLD_100k",1746940,"erythromycin","n_missing_verbatim_end_date",10000,10000,2.27121977393221e-320,0,10000,1,FALSE
"GOLD_100k",1746940,"erythromycin","n_missing_drug_type_concept_id",10000,10000,2.27121977393221e-320,10000,0,0,FALSE
"GOLD_100k",1746940,"erythromycin","n_missing_quantity",10000,10000,2.27121977393221e-320,10000,0,0,FALSE
"GOLD_100k",1746940,"erythromycin","n_missing_days_supply",10000,10000,2.27121977393221e-320,10000,0,0,FALSE
"GOLD_100k",1746940,"erythromycin","n_missing_sig",10000,10000,2.27121977393221e-320,10000,0,0,FALSE
"GOLD_100k",1746940,"erythromycin","n_missing_route_concept_id",10000,10000,2.27121977393221e-320,10000,0,0,FALSE
"GOLD_100k",1746940,"erythromycin","n_missing_drug_source_value",10000,10000,2.27121977393221e-320,10000,0,0,FALSE
"GOLD_100k",1746940,"erythromycin","n_missing_drug_source_concept_id",10000,10000,2.27121977393221e-320,10000,0,0,FALSE
"GOLD_100k",1746940,"erythromycin","n_missing_route_source_value",10000,10000,2.27121977393221e-320,10000,0,0,FALSE
"GOLD_100k",1746940,"erythromycin","n_missing_dose_unit_source_value",10000,10000,2.27121977393221e-320,0,10000,1,FALSE
"GOLD_100k",956653,"fosfomycin","n_missing_drug_exposure_id",422,10000,9.28843414181544e-322,422,0,0,FALSE
"GOLD_100k",956653,"fosfomycin","n_missing_person_id",422,10000,9.28843414181544e-322,422,0,0,FALSE
"GOLD_100k",956653,"fosfomycin","n_missing_drug_concept_id",422,10000,9.28843414181544e-322,422,0,0,FALSE
"GOLD_100k",956653,"fosfomycin","n_missing_drug_exposure_start_date",422,10000,9.28843414181544e-322,422,0,0,FALSE
"GOLD_100k",956653,"fosfomycin","n_missing_drug_exposure_end_date",422,10000,9.28843414181544e-322,422,0,0,FALSE
"GOLD_100k",956653,"fosfomycin","n_missing_verbatim_end_date",422,10000,9.28843414181544e-322,0,422,1,FALSE
"GOLD_100k",956653,"fosfomycin","n_missing_drug_type_concept_id",422,10000,9.28843414181544e-322,422,0,0,FALSE
"GOLD_100k",956653,"fosfomycin","n_missing_quantity",422,10000,9.28843414181544e-322,422,0,0,FALSE
"GOLD_100k",956653,"fosfomycin","n_missing_days_supply",422,10000,9.28843414181544e-322,422,0,0,FALSE
"GOLD_100k",956653,"fosfomycin","n_missing_sig",422,10000,9.28843414181544e-322,422,0,0,FALSE
"GOLD_100k",956653,"fosfomycin","n_missing_route_concept_id",422,10000,9.28843414181544e-322,422,0,0,FALSE
"GOLD_100k",956653,"fosfomycin","n_missing_drug_source_value",422,10000,9.28843414181544e-322,422,0,0,FALSE
"GOLD_100k",956653,"fosfomycin","n_missing_drug_source_concept_id",422,10000,9.28843414181544e-322,422,0,0,FALSE
"GOLD_100k",956653,"fosfomycin","n_missing_route_source_value",422,10000,9.28843414181544e-322,422,0,0,FALSE
"GOLD_100k",956653,"fosfomycin","n_missing_dose_unit_source_value",422,10000,9.28843414181544e-322,0,422,1,FALSE
"GOLD_100k",19092353,"lymecycline","n_missing_drug_exposure_id",7445,10000,7.00091020157046e-321,7445,0,0,FALSE
"GOLD_100k",19092353,"lymecycline","n_missing_person_id",7445,10000,7.00091020157046e-321,7445,0,0,FALSE
"GOLD_100k",19092353,"lymecycline","n_missing_drug_concept_id",7445,10000,7.00091020157046e-321,7445,0,0,FALSE
"GOLD_100k",19092353,"lymecycline","n_missing_drug_exposure_start_date",7445,10000,7.00091020157046e-321,7445,0,0,FALSE
"GOLD_100k",19092353,"lymecycline","n_missing_drug_exposure_end_date",7445,10000,7.00091020157046e-321,7445,0,0,FALSE
"GOLD_100k",19092353,"lymecycline","n_missing_verbatim_end_date",7445,10000,7.00091020157046e-321,0,7445,1,FALSE
"GOLD_100k",19092353,"lymecycline","n_missing_drug_type_concept_id",7445,10000,7.00091020157046e-321,7445,0,0,FALSE
"GOLD_100k",19092353,"lymecycline","n_missing_quantity",7445,10000,7.00091020157046e-321,7445,0,0,FALSE
"GOLD_100k",19092353,"lymecycline","n_missing_days_supply",7445,10000,7.00091020157046e-321,7445,0,0,FALSE
"GOLD_100k",19092353,"lymecycline","n_missing_sig",7445,10000,7.00091020157046e-321,7445,0,0,FALSE
"GOLD_100k",19092353,"lymecycline","n_missing_route_concept_id",7445,10000,7.00091020157046e-321,7445,0,0,FALSE
"GOLD_100k",19092353,"lymecycline","n_missing_drug_source_value",7445,10000,7.00091020157046e-321,7445,0,0,FALSE
"GOLD_100k",19092353,"lymecycline","n_missing_drug_source_concept_id",7445,10000,7.00091020157046e-321,7445,0,0,FALSE
"GOLD_100k",19092353,"lymecycline","n_missing_route_source_value",7445,10000,7.00091020157046e-321,7445,0,0,FALSE
"GOLD_100k",19092353,"lymecycline","n_missing_dose_unit_source_value",7445,10000,7.00091020157046e-321,0,7445,1,FALSE
"GOLD_100k",923081,"ofloxacin","n_missing_drug_exposure_id",447,10000,1.57112875377516e-321,447,0,0,FALSE
"GOLD_100k",923081,"ofloxacin","n_missing_person_id",447,10000,1.57112875377516e-321,447,0,0,FALSE
"GOLD_100k",923081,"ofloxacin","n_missing_drug_concept_id",447,10000,1.57112875377516e-321,447,0,0,FALSE
"GOLD_100k",923081,"ofloxacin","n_missing_drug_exposure_start_date",447,10000,1.57112875377516e-321,447,0,0,FALSE
"GOLD_100k",923081,"ofloxacin","n_missing_drug_exposure_end_date",447,10000,1.57112875377516e-321,447,0,0,FALSE
"GOLD_100k",923081,"ofloxacin","n_missing_verbatim_end_date",447,10000,1.57112875377516e-321,0,447,1,FALSE
"GOLD_100k",923081,"ofloxacin","n_missing_drug_type_concept_id",447,10000,1.57112875377516e-321,447,0,0,FALSE
"GOLD_100k",923081,"ofloxacin","n_missing_quantity",447,10000,1.57112875377516e-321,447,0,0,FALSE
"GOLD_100k",923081,"ofloxacin","n_missing_days_supply",447,10000,1.57112875377516e-321,447,0,0,FALSE
"GOLD_100k",923081,"ofloxacin","n_missing_sig",447,10000,1.57112875377516e-321,447,0,0,FALSE
"GOLD_100k",923081,"ofloxacin","n_missing_route_concept_id",447,10000,1.57112875377516e-321,447,0,0,FALSE
"GOLD_100k",923081,"ofloxacin","n_missing_drug_source_value",447,10000,1.57112875377516e-321,447,0,0,FALSE
"GOLD_100k",923081,"ofloxacin","n_missing_drug_source_concept_id",447,10000,1.57112875377516e-321,447,0,0,FALSE
"GOLD_100k",923081,"ofloxacin","n_missing_route_source_value",447,10000,1.57112875377516e-321,447,0,0,FALSE
"GOLD_100k",923081,"ofloxacin","n_missing_dose_unit_source_value",447,10000,1.57112875377516e-321,0,447,1,FALSE
"GOLD_100k",925952,"oxytetracycline","n_missing_drug_exposure_id",6933,10000,1.12399934428884e-320,6933,0,0,FALSE
"GOLD_100k",925952,"oxytetracycline","n_missing_person_id",6933,10000,1.12399934428884e-320,6933,0,0,FALSE
"GOLD_100k",925952,"oxytetracycline","n_missing_drug_concept_id",6933,10000,1.12399934428884e-320,6933,0,0,FALSE
"GOLD_100k",925952,"oxytetracycline","n_missing_drug_exposure_start_date",6933,10000,1.12399934428884e-320,6933,0,0,FALSE
"GOLD_100k",925952,"oxytetracycline","n_missing_drug_exposure_end_date",6933,10000,1.12399934428884e-320,6933,0,0,FALSE
"GOLD_100k",925952,"oxytetracycline","n_missing_verbatim_end_date",6933,10000,1.12399934428884e-320,0,6933,1,FALSE
"GOLD_100k",925952,"oxytetracycline","n_missing_drug_type_concept_id",6933,10000,1.12399934428884e-320,6933,0,0,FALSE
"GOLD_100k",925952,"oxytetracycline","n_missing_quantity",6933,10000,1.12399934428884e-320,6933,0,0,FALSE
"GOLD_100k",925952,"oxytetracycline","n_missing_days_supply",6933,10000,1.12399934428884e-320,6933,0,0,FALSE
"GOLD_100k",925952,"oxytetracycline","n_missing_sig",6933,10000,1.12399934428884e-320,6933,0,0,FALSE
"GOLD_100k",925952,"oxytetracycline","n_missing_route_concept_id",6933,10000,1.12399934428884e-320,6933,0,0,FALSE
"GOLD_100k",925952,"oxytetracycline","n_missing_drug_source_value",6933,10000,1.12399934428884e-320,6933,0,0,FALSE
"GOLD_100k",925952,"oxytetracycline","n_missing_drug_source_concept_id",6933,10000,1.12399934428884e-320,6933,0,0,FALSE
"GOLD_100k",925952,"oxytetracycline","n_missing_route_source_value",6933,10000,1.12399934428884e-320,6933,0,0,FALSE
"GOLD_100k",925952,"oxytetracycline","n_missing_dose_unit_source_value",6933,10000,1.12399934428884e-320,0,6933,1,FALSE
"GOLD_100k",1763204,"rifampin","n_missing_drug_exposure_id",262,10000,2.81617418129511e-322,262,0,0,FALSE
"GOLD_100k",1763204,"rifampin","n_missing_person_id",262,10000,2.81617418129511e-322,262,0,0,FALSE
"GOLD_100k",1763204,"rifampin","n_missing_drug_concept_id",262,10000,2.81617418129511e-322,262,0,0,FALSE
"GOLD_100k",1763204,"rifampin","n_missing_drug_exposure_start_date",262,10000,2.81617418129511e-322,262,0,0,FALSE
"GOLD_100k",1763204,"rifampin","n_missing_drug_exposure_end_date",262,10000,2.81617418129511e-322,262,0,0,FALSE
"GOLD_100k",1763204,"rifampin","n_missing_verbatim_end_date",262,10000,2.81617418129511e-322,0,262,1,FALSE
"GOLD_100k",1763204,"rifampin","n_missing_drug_type_concept_id",262,10000,2.81617418129511e-322,262,0,0,FALSE
"GOLD_100k",1763204,"rifampin","n_missing_quantity",262,10000,2.81617418129511e-322,262,0,0,FALSE
"GOLD_100k",1763204,"rifampin","n_missing_days_supply",262,10000,2.81617418129511e-322,262,0,0,FALSE
"GOLD_100k",1763204,"rifampin","n_missing_sig",262,10000,2.81617418129511e-322,262,0,0,FALSE
"GOLD_100k",1763204,"rifampin","n_missing_route_concept_id",262,10000,2.81617418129511e-322,262,0,0,FALSE
"GOLD_100k",1763204,"rifampin","n_missing_drug_source_value",262,10000,2.81617418129511e-322,262,0,0,FALSE
"GOLD_100k",1763204,"rifampin","n_missing_drug_source_concept_id",262,10000,2.81617418129511e-322,262,0,0,FALSE
"GOLD_100k",1763204,"rifampin","n_missing_route_source_value",262,10000,2.81617418129511e-322,262,0,0,FALSE
"GOLD_100k",1763204,"rifampin","n_missing_dose_unit_source_value",262,10000,2.81617418129511e-322,0,262,1,FALSE
